"uid","domainID","siteID","plotID","nlcdClass","decimalLatitude","decimalLongitude","geodeticDatum","coordinateUncertainty","elevation","elevationUncertainty","setDateTime","collectDateTime","localSetDateTime","localCollectDateTime","sampleTiming","eventID","nightOrDay","trapHours","sampleID","targetTaxaPresent","samplingProtocolVersion","trapRecordedBy","trappingRemarks","trapCompromisedQF","sampleCompromisedAtTrapping","sampleLostQF","duplicatesInTrappingQF"
"21D93656F65248489AD4D1DABC406688","D10","CPER",,"grasslandHerbaceous",40.811915,-104.772255,"WGS84",0.1,1639.9,0.1,"2014-05-20T01:09Z","2014-05-20T12:20Z","20140519.1909","20140520.0620","field season","CPER.2014.20","night",11.0,,"N","NEON.DOC.014049vE","XXW8BqPXtz9SVhPzC4oUWA==",,0,"No known compromise",-1,0
"1A7862370C214C908D98A81D3D37F618","D10","CPER",,"grasslandHerbaceous",40.812702,-104.763102,"WGS84",0.1,1639.5,0.1,"2014-05-20T01:02Z","2014-05-20T12:33Z","20140519.1902","20140520.0633","field season","CPER.2014.20","night",11.5,,"N","NEON.DOC.014049vE","XXW8BqPXtz9SVhPzC4oUWA==",,0,"No known compromise",-1,0
"EC970FDE68294D4AB6968B4A07F5DACE","D10","CPER",,"grasslandHerbaceous",40.825683,-104.762650,"WGS84",0.1,1646.6,0.1,"2014-05-20T00:49Z","2014-05-20T12:49Z","20140519.1849","20140520.0649","field season","CPER.2014.20","night",12.0,,"N","NEON.DOC.014049vE","XXW8BqPXtz9SVhPzC4oUWA==","catchCupStatus may not be accurate",1,"No known compromise",-1,0
"73A0619C7C634D33AFFE640FB7E28D83","D10","CPER",,"grasslandHerbaceous",40.845700,-104.764050,"WGS84",0.1,1662.5,0.1,"2014-05-20T00:22Z","2014-05-20T13:07Z","20140519.1822","20140520.0707","field season","CPER.2014.20","night",13.0,"CPER_084.20140520.0707","Y","NEON.DOC.014049vE","XXW8BqPXtz9SVhPzC4oUWA==",,0,"No known compromise",0,0
"3EE7413B27954CADB53AB522BA9DCA1C","D10","CPER",,"grasslandHerbaceous",40.831098,-104.760543,"WGS84",0.1,1660.4,0.1,"2014-05-20T00:33Z","2014-05-20T13:40Z","20140519.1833","20140520.0740","field season","CPER.2014.20","night",13.0,"CPER_080.20140520.0740","Y","NEON.DOC.014049vE","XXW8BqPXtz9SVhPzC4oUWA==",,0,"No known compromise",0,0
"BA998B00DC2749BBA8314CE20B5106F2","D10","CPER",,"grasslandHerbaceous",40.847775,-104.725614,"WGS84",0.1,1650.8,0.1,"2014-05-20T00:04Z","2014-05-20T14:18Z","20140519.1804","20140520.0818","field season","CPER.2014.20","night",14.0,,"N","NEON.DOC.014049vE","XXW8BqPXtz9SVhPzC4oUWA==",,0,"No known compromise",-1,0
"894AD87AE66640A6A022E86F67BAF4D3","D10","CPER",,"grasslandHerbaceous",40.855550,-104.714539,"WGS84",0.1,1661.1,0.1,"2014-05-19T23:50Z","2014-05-20T14:40Z","20140519.1750","20140520.0840","field season","CPER.2014.20","night",15.0,,"N","NEON.DOC.014049vE","XXW8BqPXtz9SVhPzC4oUWA==",,0,"No known compromise",-1,0
"646EAE87FCFD41EA8F18D95B0D7C5658","D10","CPER",,"grasslandHerbaceous",40.854510,-104.688209,"WGS84",0.1,1640.8,0.1,"2014-05-19T23:35Z","2014-05-20T15:02Z","20140519.1735","20140520.0902","field season","CPER.2014.20","night",15.5,,"N","NEON.DOC.014049vE","XXW8BqPXtz9SVhPzC4oUWA==",,0,"No known compromise",-1,0
"232E59A9BE824A09B592A015BC5242AD","D10","CPER",,"grasslandHerbaceous",40.840911,-104.687576,"WGS84",0.1,1634.2,0.1,"2014-05-19T23:22Z","2014-05-20T15:17Z","20140519.1722","20140520.0917","field season","CPER.2014.20","night",16.0,"CPER_083.20140520.0917","Y","NEON.DOC.014049vE","XXW8BqPXtz9SVhPzC4oUWA==",,0,"No known compromise",0,0
"F803A61774DC4704AC525CA6C7F1402E","D10","CPER",,"grasslandHerbaceous",40.834431,-104.690811,"WGS84",0.1,1624.8,0.1,"2014-05-19T22:58Z","2014-05-20T15:38Z","20140519.1658","20140520.0938","field season","CPER.2014.20","night",16.5,,"N","NEON.DOC.014049vE","XXW8BqPXtz9SVhPzC4oUWA==","catchCupStatus may not be accurate",1,"No known compromise",-1,0
"1301856D2E2948E988D98DFBDA3F2EC7","D10","CPER",,"grasslandHerbaceous",40.834431,-104.690811,"WGS84",0.1,1624.8,0.1,"2014-05-20T15:38Z","2014-05-20T22:37Z","20140520.0938","20140520.1637","field season","CPER.2014.20","day",7.0,,"N","NEON.DOC.014049vE","XXW8BqPXtz9SVhPzC4oUWA==",,0,"No known compromise",-1,0
"F7919B3B188C4A6FB77DF98536692316","D10","CPER",,"grasslandHerbaceous",40.840911,-104.687576,"WGS84",0.1,1634.2,0.1,"2014-05-20T15:17Z","2014-05-20T22:53Z","20140520.0917","20140520.1653","field season","CPER.2014.20","day",7.5,,"N","NEON.DOC.014049vE","XXW8BqPXtz9SVhPzC4oUWA==",,0,"No known compromise",-1,0
"FD80477C7DF44730BD8A7190159F5E80","D10","CPER",,"grasslandHerbaceous",40.854510,-104.688209,"WGS84",0.1,1640.8,0.1,"2014-05-20T15:02Z","2014-05-20T23:11Z","20140520.0902","20140520.1711","field season","CPER.2014.20","day",8.0,,"N","NEON.DOC.014049vE","XXW8BqPXtz9SVhPzC4oUWA==",,0,"No known compromise",-1,0
"44594392AE05485BABD861B0A5249062","D10","CPER",,"grasslandHerbaceous",40.855550,-104.714539,"WGS84",0.1,1661.1,0.1,"2014-05-20T14:40Z","2014-05-20T23:30Z","20140520.0840","20140520.1730","field season","CPER.2014.20","day",9.0,"CPER_090.20140520.1730","Y","NEON.DOC.014049vE","XXW8BqPXtz9SVhPzC4oUWA==",,0,"No known compromise",1,0
"66B0DFF6EFC54C0F8811706A67BFCBCB","D10","CPER",,"grasslandHerbaceous",40.847775,-104.725614,"WGS84",0.1,1650.8,0.1,"2014-05-20T14:18Z","2014-05-20T23:42Z","20140520.0818","20140520.1742","field season","CPER.2014.20","day",9.5,,"N","NEON.DOC.014049vE","XXW8BqPXtz9SVhPzC4oUWA==",,0,"No known compromise",-1,0
"5503BE0445564AF88179D4731D78382C","D10","CPER",,"grasslandHerbaceous",40.845700,-104.764050,"WGS84",0.1,1662.5,0.1,"2014-05-20T13:07Z","2014-05-21T00:03Z","20140520.0707","20140520.1803","field season","CPER.2014.20","day",11.0,,"N","NEON.DOC.014049vE","XXW8BqPXtz9SVhPzC4oUWA==",,0,"No known compromise",-1,0
"194E17C141764B99B798C87D441E12D9","D10","CPER",,"grasslandHerbaceous",40.825683,-104.762650,"WGS84",0.1,1646.6,0.1,"2014-05-20T12:49Z","2014-05-21T00:36Z","20140520.0649","20140520.1836","field season","CPER.2014.20","day",12.0,,"N","NEON.DOC.014049vE","XXW8BqPXtz9SVhPzC4oUWA==","catchCupStatus may not be accurate",1,"No known compromise",-1,0
"8A75CBDEE06C46699E80580AAF7BE974","D10","CPER",,"grasslandHerbaceous",40.831098,-104.760543,"WGS84",0.1,1660.4,0.1,"2014-05-20T13:40Z","2014-05-21T01:08Z","20140520.0740","20140520.1908","field season","CPER.2014.20","day",11.5,,"N","NEON.DOC.014049vE","XXW8BqPXtz9SVhPzC4oUWA==",,0,"No known compromise",-1,0
"638A8A2825074365915F92A35A869944","D10","CPER",,"grasslandHerbaceous",40.812702,-104.763102,"WGS84",0.1,1639.5,0.1,"2014-05-20T12:33Z","2014-05-21T01:25Z","20140520.0633","20140520.1925","field season","CPER.2014.20","day",13.0,"CPER_089.20140520.1925","Y","NEON.DOC.014049vE","XXW8BqPXtz9SVhPzC4oUWA==","UNSURE DATA SAMPLE ACTUALLY EXISTS",0,"No known compromise",1,0
"827F02F295A74683B667325886230EEC","D10","CPER",,"grasslandHerbaceous",40.811915,-104.772255,"WGS84",0.1,1639.9,0.1,"2014-05-20T12:20Z","2014-05-21T01:36Z","20140520.0620","20140520.1936","field season","CPER.2014.20","day",13.5,,"N","NEON.DOC.014049vE","XXW8BqPXtz9SVhPzC4oUWA==",,0,"No known compromise",-1,0
"58F597E847BA4ADCB74259D3E1DB255C","D10","CPER",,"grasslandHerbaceous",40.834431,-104.690811,"WGS84",0.1,1624.8,0.1,"2014-05-20T22:37Z","2014-05-21T12:02Z","20140520.1637","20140521.0602","field season","CPER.2014.20","night",13.5,"CPER_078.20140521.0602","Y","NEON.DOC.014049vE","XXW8BqPXtz9SVhPzC4oUWA==",,0,"No known compromise",0,0
"92A762CBACA54DCDB6FBFA66DD49CC83","D10","CPER",,"grasslandHerbaceous",40.840911,-104.687576,"WGS84",0.1,1634.2,0.1,"2014-05-20T22:53Z","2014-05-21T12:12Z","20140520.1653","20140521.0612","field season","CPER.2014.20","night",13.5,,"N","NEON.DOC.014049vE","XXW8BqPXtz9SVhPzC4oUWA==",,0,"No known compromise",-1,0
"8AEF0919F5284E659FC36580EB83A3A6","D10","CPER",,"grasslandHerbaceous",40.854510,-104.688209,"WGS84",0.1,1640.8,0.1,"2014-05-20T23:11Z","2014-05-21T12:24Z","20140520.1711","20140521.0624","field season","CPER.2014.20","night",13.0,,"N","NEON.DOC.014049vE","XXW8BqPXtz9SVhPzC4oUWA==",,0,"No known compromise",-1,0
"F499E7DB5E6D481F83E0B7AC74C66133","D10","CPER",,"grasslandHerbaceous",40.855550,-104.714539,"WGS84",0.1,1661.1,0.1,"2014-05-20T23:30Z","2014-05-21T12:35Z","20140520.1730","20140521.0635","field season","CPER.2014.20","night",13.0,,"N","NEON.DOC.014049vE","XXW8BqPXtz9SVhPzC4oUWA==","catchCupStatus may not be accurate",1,"No known compromise",-1,0
"19370F36163C4897B0AF37566B336F69","D10","CPER",,"grasslandHerbaceous",40.847775,-104.725614,"WGS84",0.1,1650.8,0.1,"2014-05-20T23:42Z","2014-05-21T12:45Z","20140520.1742","20140521.0645","field season","CPER.2014.20","night",13.0,,"N","NEON.DOC.014049vE","XXW8BqPXtz9SVhPzC4oUWA==",,0,"No known compromise",-1,0
"229191D9A4414103B83ECF4F9FFB3BAB","D10","CPER",,"grasslandHerbaceous",40.845700,-104.764050,"WGS84",0.1,1662.5,0.1,"2014-05-21T00:03Z","2014-05-21T13:01Z","20140520.1803","20140521.0701","field season","CPER.2014.20","night",13.0,"CPER_084.20140521.0701","Y","NEON.DOC.014049vE","XXW8BqPXtz9SVhPzC4oUWA==",,0,"No known compromise",0,0
"04AE47ECA0A24F32961F79582E1F9A56","D10","CPER",,"grasslandHerbaceous",40.831098,-104.760543,"WGS84",0.1,1660.4,0.1,"2014-05-21T01:08Z","2014-05-21T13:09Z","20140520.1908","20140521.0709","field season","CPER.2014.20","night",12.0,,"N","NEON.DOC.014049vE","XXW8BqPXtz9SVhPzC4oUWA==",,0,"No known compromise",-1,0
"02EE258222F64F248A3878B0E413FD91","D10","CPER",,"grasslandHerbaceous",40.825683,-104.762650,"WGS84",0.1,1646.6,0.1,"2014-05-21T00:36Z","2014-05-21T13:22Z","20140520.1836","20140521.0722","field season","CPER.2014.20","night",13.0,,"N","NEON.DOC.014049vE","XXW8BqPXtz9SVhPzC4oUWA==",,0,"No known compromise",-1,0
"13400CE1B199462B9CFC6C3DEA45FB45","D10","CPER",,"grasslandHerbaceous",40.812702,-104.763102,"WGS84",0.1,1639.5,0.1,"2014-05-21T01:25Z","2014-05-21T13:38Z","20140520.1925","20140521.0738","field season","CPER.2014.20","night",12.0,,"N","NEON.DOC.014049vE","XXW8BqPXtz9SVhPzC4oUWA==",,0,"No known compromise",-1,0
"DF6BB97E4C3F4A919B84438C14476CF0","D10","CPER",,"grasslandHerbaceous",40.811915,-104.772255,"WGS84",0.1,1639.9,0.1,"2014-05-21T01:36Z","2014-05-21T13:43Z","20140520.1936","20140521.0743","field season","CPER.2014.20","night",12.0,"CPER_088.20140521.0743","Y","NEON.DOC.014049vE","XXW8BqPXtz9SVhPzC4oUWA==",,0,"No known compromise",1,0
"E5FF44536A4A48C38E96F157EA430F30","D10","CPER",,"grasslandHerbaceous",40.811915,-104.772255,"WGS84",0.1,1639.9,0.1,"2014-06-04T02:40Z","2014-06-04T12:00Z","20140603.2040","20140604.0600","field season","CPER.2014.22","night",9.5,"CPER_088.20140604.0600","Y","NEON.DOC.014049vE","5cJrGWs5ZbE+2stOtk3fwA==",,0,"No known compromise",0,0
"69B208BA75AE4849B4998F573741F185","D10","CPER",,"grasslandHerbaceous",40.834431,-104.690811,"WGS84",0.1,1624.8,0.1,"2014-06-04T00:00Z","2014-06-04T12:27Z","20140603.1800","20140604.0627","field season","CPER.2014.22","night",12.5,"CPER_078.20140604.0627","Y","NEON.DOC.014049vE","5cJrGWs5ZbE+2stOtk3fwA==",,0,"No known compromise",0,0
"7CE570BEEB134C4F9BCA5F7F08E5EBC7","D10","CPER",,"grasslandHerbaceous",40.840911,-104.687576,"WGS84",0.1,1634.2,0.1,"2014-06-04T00:20Z","2014-06-04T12:41Z","20140603.1820","20140604.0641","field season","CPER.2014.22","night",12.5,"CPER_083.20140604.0641","Y","NEON.DOC.014049vE","5cJrGWs5ZbE+2stOtk3fwA==",,0,"No known compromise",0,0
"9CAEA872F4124AEEA84B49F6FE061E20","D10","CPER",,"grasslandHerbaceous",40.854510,-104.688209,"WGS84",0.1,1640.8,0.1,"2014-06-04T00:48Z","2014-06-04T12:54Z","20140603.1848","20140604.0654","field season","CPER.2014.22","night",12.0,"CPER_082.20140604.0654","Y","NEON.DOC.014049vE","5cJrGWs5ZbE+2stOtk3fwA==",,0,"No known compromise",0,0
"1AB4AA049DDA403E9CB587D7649E8E17","D10","CPER",,"grasslandHerbaceous",40.855550,-104.714539,"WGS84",0.1,1661.1,0.1,"2014-06-04T01:00Z","2014-06-04T13:14Z","20140603.1900","20140604.0714","field season","CPER.2014.22","night",12.0,"CPER_090.20140604.0714","Y","NEON.DOC.014049vE","5cJrGWs5ZbE+2stOtk3fwA==",,0,"No known compromise",0,0
"E79F4F09423E4D32A89C941FC95DB3D2","D10","CPER",,"grasslandHerbaceous",40.847775,-104.725614,"WGS84",0.1,1650.8,0.1,"2014-06-04T01:18Z","2014-06-04T13:31Z","20140603.1918","20140604.0731","field season","CPER.2014.22","night",12.0,"CPER_086.20140604.0731","Y","NEON.DOC.014049vE","5cJrGWs5ZbE+2stOtk3fwA==",,0,"No known compromise",0,0
"15F2B16BAAF7480F8EE6860294F5B668","D10","CPER",,"grasslandHerbaceous",40.845700,-104.764050,"WGS84",0.1,1662.5,0.1,"2014-06-04T01:40Z","2014-06-04T13:50Z","20140603.1940","20140604.0750","field season","CPER.2014.22","night",12.0,"CPER_084.20140604.0750","Y","NEON.DOC.014049vE","5cJrGWs5ZbE+2stOtk3fwA==",,0,"No known compromise",0,0
"0FBAD6730A964257B521AB5CC1B8465D","D10","CPER",,"grasslandHerbaceous",40.831098,-104.760543,"WGS84",0.1,1660.4,0.1,"2014-06-04T02:00Z","2014-06-04T14:03Z","20140603.2000","20140604.0803","field season","CPER.2014.22","night",12.0,"CPER_080.20140604.0803","Y","NEON.DOC.014049vE","5cJrGWs5ZbE+2stOtk3fwA==",,0,"No known compromise",0,0
"A236EE98A6F84B6D9A5DDB55B5C80387","D10","CPER",,"grasslandHerbaceous",40.825683,-104.762650,"WGS84",0.1,1646.6,0.1,"2014-06-04T02:20Z","2014-06-04T14:16Z","20140603.2020","20140604.0816","field season","CPER.2014.22","night",12.0,"CPER_087.20140604.0816","Y","NEON.DOC.014049vE","5cJrGWs5ZbE+2stOtk3fwA==",,0,"No known compromise",0,0
"0C32CA439A624ED982CA6113D4E7282C","D10","CPER",,"grasslandHerbaceous",40.812702,-104.763102,"WGS84",0.1,1639.5,0.1,"2014-06-04T02:30Z","2014-06-04T14:33Z","20140603.2030","20140604.0833","field season","CPER.2014.22","night",12.0,"CPER_089.20140604.0833","Y","NEON.DOC.014049vE","5cJrGWs5ZbE+2stOtk3fwA==",,0,"No known compromise",0,0
"AA722385A3B146BC8D9E9159E6D04191","D10","CPER",,"grasslandHerbaceous",40.847775,-104.725614,"WGS84",0.1,1650.8,0.1,"2014-06-04T13:31Z","2014-06-04T23:26Z","20140604.0731","20140604.1726","field season","CPER.2014.22","day",10.0,,"N","NEON.DOC.014049vE","5cJrGWs5ZbE+2stOtk3fwA==",,0,"No known compromise",-1,0
"53F03E25DB674F67B6B854D670AA0E88","D10","CPER",,"grasslandHerbaceous",40.834431,-104.690811,"WGS84",0.1,1624.8,0.1,"2014-06-04T12:27Z","2014-06-05T00:02Z","20140604.0627","20140604.1802","field season","CPER.2014.22","day",11.5,,"N","NEON.DOC.014049vE","5cJrGWs5ZbE+2stOtk3fwA==",,0,"No known compromise",-1,0
"9FCF4BF0909548DA891206AAA04A654A","D10","CPER",,"grasslandHerbaceous",40.840911,-104.687576,"WGS84",0.1,1634.2,0.1,"2014-06-04T12:41Z","2014-06-05T00:22Z","20140604.0641","20140604.1822","field season","CPER.2014.22","day",11.5,,"N","NEON.DOC.014049vE","5cJrGWs5ZbE+2stOtk3fwA==",,0,"No known compromise",-1,0
"C69673116E8E4E189D85F9DCE1B974B8","D10","CPER",,"grasslandHerbaceous",40.854510,-104.688209,"WGS84",0.1,1640.8,0.1,"2014-06-04T12:54Z","2014-06-05T00:41Z","20140604.0654","20140604.1841","field season","CPER.2014.22","day",12.0,"CPER_082.20140604.1841","Y","NEON.DOC.014049vE","5cJrGWs5ZbE+2stOtk3fwA==",,0,"No known compromise",1,0
"B67AE42FC16446BF8964A2322AC76F49","D10","CPER",,"grasslandHerbaceous",40.855550,-104.714539,"WGS84",0.1,1661.1,0.1,"2014-06-04T13:14Z","2014-06-05T01:10Z","20140604.0714","20140604.1910","field season","CPER.2014.22","day",12.0,,"N","NEON.DOC.014049vE","5cJrGWs5ZbE+2stOtk3fwA==","Cow destroyed set up. Moved set up to center of bush < 0.25m from origin.|catchCupStatus may not be accurate",1,"No known compromise",-1,0
"2422744B126D47079A095819FC447BE8","D10","CPER",,"grasslandHerbaceous",40.845700,-104.764050,"WGS84",0.1,1662.5,0.1,"2014-06-04T13:50Z","2014-06-05T01:43Z","20140604.0750","20140604.1943","field season","CPER.2014.22","day",12.0,,"N","NEON.DOC.014049vE","5cJrGWs5ZbE+2stOtk3fwA==",,0,"No known compromise",-1,0
"282E03116A9240CFBD9B3AE1F7B243D2","D10","CPER",,"grasslandHerbaceous",40.831098,-104.760543,"WGS84",0.1,1660.4,0.1,"2014-06-04T14:03Z","2014-06-05T01:55Z","20140604.0803","20140604.1955","field season","CPER.2014.22","day",12.0,,"N","NEON.DOC.014049vE","5cJrGWs5ZbE+2stOtk3fwA==",,0,"No known compromise",-1,0
"3E78EE80D2AE417F89BA031B8D7620D7","D10","CPER",,"grasslandHerbaceous",40.825683,-104.762650,"WGS84",0.1,1646.6,0.1,"2014-06-04T14:16Z","2014-06-05T02:06Z","20140604.0816","20140604.2006","field season","CPER.2014.22","day",12.0,,"N","NEON.DOC.014049vE","5cJrGWs5ZbE+2stOtk3fwA==",,0,"No known compromise",-1,0
"2157662D34124A64AAD407E1D6848C59","D10","CPER",,"grasslandHerbaceous",40.812702,-104.763102,"WGS84",0.1,1639.5,0.1,"2014-06-04T14:33Z","2014-06-05T02:20Z","20140604.0833","20140604.2020","field season","CPER.2014.22","day",12.0,,"N","NEON.DOC.014049vE","5cJrGWs5ZbE+2stOtk3fwA==",,0,"No known compromise",-1,0
"0362CEB385024A3BA37FBC80DCABF07F","D10","CPER",,"grasslandHerbaceous",40.811915,-104.772255,"WGS84",0.1,1639.9,0.1,"2014-06-04T12:00Z","2014-06-05T02:31Z","20140604.0600","20140604.2031","field season","CPER.2014.22","day",14.5,,"N","NEON.DOC.014049vE","5cJrGWs5ZbE+2stOtk3fwA==","catchCupStatus may not be accurate",1,"No known compromise",-1,0
"0897CBECA58C4B6392AECDCA75ECEDF6","D10","CPER",,"grasslandHerbaceous",40.834431,-104.690811,"WGS84",0.1,1624.8,0.1,"2014-06-05T00:02Z","2014-06-05T12:25Z","20140604.1802","20140605.0625","field season","CPER.2014.22","night",12.5,"CPER_078.20140605.0625","Y","NEON.DOC.014049vE","5cJrGWs5ZbE+2stOtk3fwA==",,0,"No known compromise",0,0
"BE8F86AC8F404E0B86A8B756D0F46D24","D10","CPER",,"grasslandHerbaceous",40.840911,-104.687576,"WGS84",0.1,1634.2,0.1,"2014-06-05T00:22Z","2014-06-05T12:40Z","20140604.1822","20140605.0640","field season","CPER.2014.22","night",12.5,"CPER_083.20140605.0640","Y","NEON.DOC.014049vE","5cJrGWs5ZbE+2stOtk3fwA==",,0,"No known compromise",0,0
"E6B669A984F54A279E71D98D5DD2C614","D10","CPER",,"grasslandHerbaceous",40.854510,-104.688209,"WGS84",0.1,1640.8,0.1,"2014-06-05T00:41Z","2014-06-05T12:51Z","20140604.1841","20140605.0651","field season","CPER.2014.22","night",12.0,"CPER_082.20140605.0651","Y","NEON.DOC.014049vE","5cJrGWs5ZbE+2stOtk3fwA==",,0,"No known compromise",0,0
"D52759D97D3448458349F6236DB29A15","D10","CPER",,"grasslandHerbaceous",40.855550,-104.714539,"WGS84",0.1,1661.1,0.1,"2014-06-05T01:10Z","2014-06-05T13:07Z","20140604.1910","20140605.0707","field season","CPER.2014.22","night",12.0,"CPER_090.20140605.0707","Y","NEON.DOC.014049vE","5cJrGWs5ZbE+2stOtk3fwA==",,0,"No known compromise",0,0
"035BE19B2A814B4099595474484E0BB2","D10","CPER",,"grasslandHerbaceous",40.847775,-104.725614,"WGS84",0.1,1650.8,0.1,"2014-06-04T23:26Z","2014-06-05T13:21Z","20140604.1726","20140605.0721","field season","CPER.2014.22","night",14.0,"CPER_086.20140605.0721","Y","NEON.DOC.014049vE","5cJrGWs5ZbE+2stOtk3fwA==",,0,"No known compromise",0,0
"9F379A2B9AAD49A881C15BD43415CDA7","D10","CPER",,"grasslandHerbaceous",40.845700,-104.764050,"WGS84",0.1,1662.5,0.1,"2014-06-05T01:43Z","2014-06-05T13:46Z","20140604.1943","20140605.0746","field season","CPER.2014.22","night",12.0,"CPER_084.20140605.0746","Y","NEON.DOC.014049vE","5cJrGWs5ZbE+2stOtk3fwA==",,0,"No known compromise",0,0
"A2F1A9C292E44089BF3F8FFCEFCAC539","D10","CPER",,"grasslandHerbaceous",40.831098,-104.760543,"WGS84",0.1,1660.4,0.1,"2014-06-05T01:55Z","2014-06-05T13:56Z","20140604.1955","20140605.0756","field season","CPER.2014.22","night",12.0,"CPER_080.20140605.0756","Y","NEON.DOC.014049vE","5cJrGWs5ZbE+2stOtk3fwA==",,0,"No known compromise",0,0
"AB405762E28E4441A945DC316B19D805","D10","CPER",,"grasslandHerbaceous",40.825683,-104.762650,"WGS84",0.1,1646.6,0.1,"2014-06-05T02:06Z","2014-06-05T14:20Z","20140604.2006","20140605.0820","field season","CPER.2014.22","night",12.0,"CPER_087.20140605.0820","Y","NEON.DOC.014049vE","5cJrGWs5ZbE+2stOtk3fwA==","Cow destroyed set up.|catchCupStatus may not be accurate",1,"No known compromise",1,0
"82C319DBFBC14C4EAC1356825A6D5581","D10","CPER",,"grasslandHerbaceous",40.812702,-104.763102,"WGS84",0.1,1639.5,0.1,"2014-06-05T02:20Z","2014-06-05T14:36Z","20140604.2020","20140605.0836","field season","CPER.2014.22","night",12.5,"CPER_089.20140605.0836","Y","NEON.DOC.014049vE","5cJrGWs5ZbE+2stOtk3fwA==",,0,"No known compromise",0,0
"B367B8D4B92B414D8E4A85A249F41682","D10","CPER",,"grasslandHerbaceous",40.811915,-104.772255,"WGS84",0.1,1639.9,0.1,"2014-06-05T02:31Z","2014-06-05T14:45Z","20140604.2031","20140605.0845","field season","CPER.2014.22","night",12.0,"CPER_088.20140605.0845","Y","NEON.DOC.014049vE","5cJrGWs5ZbE+2stOtk3fwA==",,0,"No known compromise",0,0
"DA90F6784CB94268AF39D4C42EFE172A","D10","CPER",,"grasslandHerbaceous",40.834431,-104.690811,"WGS84",0.1,1624.8,0.1,"2014-06-16T23:15Z","2014-06-17T12:19Z","20140616.1715","20140617.0619","field season","CPER.2014.24","night",13.0,"CPER_078.20140617.0619","Y","NEON.DOC.014049vE","Xlq171H9ZZZEPy9Md+oBSw==",,0,"No known compromise",0,0
"D1853CE785364E729994FAA967D49165","D10","CPER",,"grasslandHerbaceous",40.840911,-104.687576,"WGS84",0.1,1634.2,0.1,"2014-06-16T23:28Z","2014-06-17T15:31Z","20140616.1728","20140617.0931","field season","CPER.2014.24","night",16.0,"CPER_083.20140617.0931","Y","NEON.DOC.014049vE","Xlq171H9ZZZEPy9Md+oBSw==",,0,"No known compromise",0,0
"DB61B1441D9C4C5480759FDDDED7190D","D10","CPER",,"grasslandHerbaceous",40.854510,-104.688209,"WGS84",0.1,1640.8,0.1,"2014-06-16T23:42Z","2014-06-17T15:45Z","20140616.1742","20140617.0945","field season","CPER.2014.24","night",16.0,"CPER_082.20140617.0945","Y","NEON.DOC.014049vE","Xlq171H9ZZZEPy9Md+oBSw==",,0,"No known compromise",0,0
"693D9269431043C1B5F06C4BCBE1D471","D10","CPER",,"grasslandHerbaceous",40.855550,-104.714539,"WGS84",0.1,1661.1,0.1,"2014-06-16T23:53Z","2014-06-17T16:00Z","20140616.1753","20140617.1000","field season","CPER.2014.24","night",16.0,"CPER_090.20140617.1000","Y","NEON.DOC.014049vE","Xlq171H9ZZZEPy9Md+oBSw==",,0,"No known compromise",0,0
"075E96C31B7547D2BB1D2EC980B8DB35","D10","CPER",,"grasslandHerbaceous",40.847775,-104.725614,"WGS84",0.1,1650.8,0.1,"2014-06-17T00:09Z","2014-06-17T16:13Z","20140616.1809","20140617.1013","field season","CPER.2014.24","night",16.0,"CPER_086.20140617.1013","Y","NEON.DOC.014049vE","Xlq171H9ZZZEPy9Md+oBSw==",,0,"No known compromise",0,0
"5C1D24C4D0E143D7AB56E86FF34F3BB7","D10","CPER",,"grasslandHerbaceous",40.845700,-104.764050,"WGS84",0.1,1662.5,0.1,"2014-06-17T00:27Z","2014-06-17T16:31Z","20140616.1827","20140617.1031","field season","CPER.2014.24","night",16.0,"CPER_084.20140617.1031","Y","NEON.DOC.014049vE","Xlq171H9ZZZEPy9Md+oBSw==",,0,"No known compromise",0,0
"29065C429688483281B80DBDEAC23CE6","D10","CPER",,"grasslandHerbaceous",40.831098,-104.760543,"WGS84",0.1,1660.4,0.1,"2014-06-17T00:37Z","2014-06-17T16:43Z","20140616.1837","20140617.1043","field season","CPER.2014.24","night",16.0,"CPER_080.20140617.1043","Y","NEON.DOC.014049vE","Xlq171H9ZZZEPy9Md+oBSw==",,0,"No known compromise",0,0
"5E8ABBDBD7524814968D7CA22A59D4E6","D10","CPER",,"grasslandHerbaceous",40.825683,-104.762650,"WGS84",0.1,1646.6,0.1,"2014-06-17T00:55Z","2014-06-17T17:13Z","20140616.1855","20140617.1113","field season","CPER.2014.24","night",16.5,"CPER_087.20140617.1113","Y","NEON.DOC.014049vE","Xlq171H9ZZZEPy9Md+oBSw==","TWO VIALS",0,"No known compromise",0,0
"60D6304E7E3041D7987D95D8A11944AC","D10","CPER",,"grasslandHerbaceous",40.812702,-104.763102,"WGS84",0.1,1639.5,0.1,"2014-06-17T01:06Z","2014-06-17T17:30Z","20140616.1906","20140617.1130","field season","CPER.2014.24","night",16.5,"CPER_089.20140617.1130","Y","NEON.DOC.014049vE","Xlq171H9ZZZEPy9Md+oBSw==",,0,"No known compromise",0,0
"F06E9FBE86914A139E411D8D17732B7D","D10","CPER",,"grasslandHerbaceous",40.811915,-104.772255,"WGS84",0.1,1639.9,0.1,"2014-06-17T01:15Z","2014-06-17T17:35Z","20140616.1915","20140617.1135","field season","CPER.2014.24","night",16.5,"CPER_088.20140617.1135","Y","NEON.DOC.014049vE","Xlq171H9ZZZEPy9Md+oBSw==",,0,"No known compromise",0,0
"5E77F2C7A0DD4736A9E6B7475D87B9A6","D10","CPER",,"grasslandHerbaceous",40.834431,-104.690811,"WGS84",0.1,1624.8,0.1,"2014-06-17T12:19Z","2014-06-17T23:05Z","20140617.0619","20140617.1705","field season","CPER.2014.24","day",11.0,,"N","NEON.DOC.014049vE","Xlq171H9ZZZEPy9Md+oBSw==",,0,"No known compromise",-1,0
"860D8305A677406BB4ECCDE74B6F4708","D10","CPER",,"grasslandHerbaceous",40.840911,-104.687576,"WGS84",0.1,1634.2,0.1,"2014-06-17T15:31Z","2014-06-17T23:20Z","20140617.0931","20140617.1720","field season","CPER.2014.24","day",8.0,,"N","NEON.DOC.014049vE","Xlq171H9ZZZEPy9Md+oBSw==",,0,"No known compromise",-1,0
"7E1020F3E21340198AC6A60E9C91BC14","D10","CPER",,"grasslandHerbaceous",40.854510,-104.688209,"WGS84",0.1,1640.8,0.1,"2014-06-17T15:45Z","2014-06-17T23:31Z","20140617.0945","20140617.1731","field season","CPER.2014.24","day",8.0,,"N","NEON.DOC.014049vE","Xlq171H9ZZZEPy9Md+oBSw==",,0,"No known compromise",-1,0
"67E8E1D84BF046B59EC4304951F9A0A7","D10","CPER",,"grasslandHerbaceous",40.855550,-104.714539,"WGS84",0.1,1661.1,0.1,"2014-06-17T16:00Z","2014-06-17T23:44Z","20140617.1000","20140617.1744","field season","CPER.2014.24","day",7.5,,"N","NEON.DOC.014049vE","Xlq171H9ZZZEPy9Md+oBSw==",,0,"No known compromise",-1,0
"18D526B1653A40DF880293576F9F05B1","D10","CPER",,"grasslandHerbaceous",40.847775,-104.725614,"WGS84",0.1,1650.8,0.1,"2014-06-17T16:13Z","2014-06-17T23:56Z","20140617.1013","20140617.1756","field season","CPER.2014.24","day",7.5,,"N","NEON.DOC.014049vE","Xlq171H9ZZZEPy9Md+oBSw==",,0,"No known compromise",-1,0
"5DB9C5A078034A6BAFBF8C71E8BA816E","D10","CPER",,"grasslandHerbaceous",40.845700,-104.764050,"WGS84",0.1,1662.5,0.1,"2014-06-17T16:31Z","2014-06-18T00:10Z","20140617.1031","20140617.1810","field season","CPER.2014.24","day",7.5,,"N","NEON.DOC.014049vE","Xlq171H9ZZZEPy9Md+oBSw==","catchCupStatus may not be accurate",1,"No known compromise",-1,0
"252862AB7ECF494AA24916B8C94748FF","D10","CPER",,"grasslandHerbaceous",40.831098,-104.760543,"WGS84",0.1,1660.4,0.1,"2014-06-17T16:43Z","2014-06-18T00:21Z","20140617.1043","20140617.1821","field season","CPER.2014.24","day",7.5,,"N","NEON.DOC.014049vE","Xlq171H9ZZZEPy9Md+oBSw==",,0,"No known compromise",-1,0
"63A2218614784F88ABB7A74B05FBE190","D10","CPER",,"grasslandHerbaceous",40.825683,-104.762650,"WGS84",0.1,1646.6,0.1,"2014-06-17T17:13Z","2014-06-18T00:32Z","20140617.1113","20140617.1832","field season","CPER.2014.24","day",7.5,,"N","NEON.DOC.014049vE","Xlq171H9ZZZEPy9Md+oBSw==","catchCupStatus may not be accurate",1,"No known compromise",-1,0
"AAD96A0DEC34458AA8C6B698A9060D52","D10","CPER",,"grasslandHerbaceous",40.812702,-104.763102,"WGS84",0.1,1639.5,0.1,"2014-06-17T17:30Z","2014-06-18T00:48Z","20140617.1130","20140617.1848","field season","CPER.2014.24","day",7.5,,"N","NEON.DOC.014049vE","Xlq171H9ZZZEPy9Md+oBSw==",,0,"No known compromise",-1,0
"EB70FB012141404BB69B40E2BBE6440B","D10","CPER",,"grasslandHerbaceous",40.811915,-104.772255,"WGS84",0.1,1639.9,0.1,"2014-06-17T17:35Z","2014-06-18T00:56Z","20140617.1135","20140617.1856","field season","CPER.2014.24","day",7.5,,"N","NEON.DOC.014049vE","Xlq171H9ZZZEPy9Md+oBSw==",,0,"No known compromise",-1,0
"00ADF66998CD45EA97C1BB4537E0E563","D10","CPER",,"grasslandHerbaceous",40.834431,-104.690811,"WGS84",0.1,1624.8,0.1,"2014-06-17T23:05Z","2014-06-18T12:14Z","20140617.1705","20140618.0614","field season","CPER.2014.24","night",13.0,"CPER_078.20140618.0614","Y","NEON.DOC.014049vE","Xlq171H9ZZZEPy9Md+oBSw==",,-1,"No known compromise",0,0
"D8A0612CF6C54AC1A0D1E77963CDFF79","D10","CPER",,"grasslandHerbaceous",40.840911,-104.687576,"WGS84",0.1,1634.2,0.1,"2014-06-17T23:20Z","2014-06-18T12:25Z","20140617.1720","20140618.0625","field season","CPER.2014.24","night",13.0,"CPER_083.20140618.0625","Y","NEON.DOC.014049vE","Xlq171H9ZZZEPy9Md+oBSw==",,0,"No known compromise",0,0
"CB10A27DF8D1491688264576D5844F81","D10","CPER",,"grasslandHerbaceous",40.854510,-104.688209,"WGS84",0.1,1640.8,0.1,"2014-06-17T23:31Z","2014-06-18T12:35Z","20140617.1731","20140618.0635","field season","CPER.2014.24","night",13.0,"CPER_082.20140618.0635","Y","NEON.DOC.014049vE","Xlq171H9ZZZEPy9Md+oBSw==",,0,"No known compromise",0,0
"A8F236BFF04E485FA577888FC44D59EE","D10","CPER",,"grasslandHerbaceous",40.855550,-104.714539,"WGS84",0.1,1661.1,0.1,"2014-06-17T23:44Z","2014-06-18T12:48Z","20140617.1744","20140618.0648","field season","CPER.2014.24","night",13.0,"CPER_090.20140618.0648","Y","NEON.DOC.014049vE","Xlq171H9ZZZEPy9Md+oBSw==",,0,"No known compromise",0,0
"54E266C0A04247C780AE24DD20B89A8A","D10","CPER",,"grasslandHerbaceous",40.847775,-104.725614,"WGS84",0.1,1650.8,0.1,"2014-06-17T23:56Z","2014-06-18T13:00Z","20140617.1756","20140618.0700","field season","CPER.2014.24","night",13.0,"CPER_086.20140618.0700","Y","NEON.DOC.014049vE","Xlq171H9ZZZEPy9Md+oBSw==",,0,"No known compromise",0,0
"E39A9BD1C1C04A409A86DEBC52076A64","D10","CPER",,"grasslandHerbaceous",40.845700,-104.764050,"WGS84",0.1,1662.5,0.1,"2014-06-18T00:10Z","2014-06-18T13:20Z","20140617.1810","20140618.0720","field season","CPER.2014.24","night",13.0,"CPER_084.20140618.0720","Y","NEON.DOC.014049vE","Xlq171H9ZZZEPy9Md+oBSw==",,0,"No known compromise",0,0
"3E677877185D4A378C5560C491A3BB92","D10","CPER",,"grasslandHerbaceous",40.831098,-104.760543,"WGS84",0.1,1660.4,0.1,"2014-06-18T00:21Z","2014-06-18T13:32Z","20140617.1821","20140618.0732","field season","CPER.2014.24","night",13.0,"CPER_080.20140618.0732","Y","NEON.DOC.014049vE","Xlq171H9ZZZEPy9Md+oBSw==","catchCupStatus may not be accurate",1,"No known compromise",0,0
"6AB7ED75289542EFAD39680BAEDC5317","D10","CPER",,"grasslandHerbaceous",40.825683,-104.762650,"WGS84",0.1,1646.6,0.1,"2014-06-18T00:32Z","2014-06-18T13:42Z","20140617.1832","20140618.0742","field season","CPER.2014.24","night",13.0,"CPER_087.20140618.0742","Y","NEON.DOC.014049vE","Xlq171H9ZZZEPy9Md+oBSw==","catchCupStatus may not be accurate",1,"No known compromise",0,0
"54D14CE256EE403697BDAAB51CEF2E95","D10","CPER",,"grasslandHerbaceous",40.812702,-104.763102,"WGS84",0.1,1639.5,0.1,"2014-06-18T00:48Z","2014-06-18T13:51Z","20140617.1848","20140618.0751","field season","CPER.2014.24","night",13.0,"CPER_089.20140618.0751","Y","NEON.DOC.014049vE","Xlq171H9ZZZEPy9Md+oBSw==",,0,"No known compromise",0,0
"C3A0AF4A795C4E7C9403B4CD7DEFE9F1","D10","CPER",,"grasslandHerbaceous",40.811915,-104.772255,"WGS84",0.1,1639.9,0.1,"2014-06-18T00:56Z","2014-06-18T13:57Z","20140617.1856","20140618.0757","field season","CPER.2014.24","night",13.0,"CPER_088.20140618.0757","Y","NEON.DOC.014049vE","Xlq171H9ZZZEPy9Md+oBSw==",,0,"No known compromise",0,0
"E0802ABF4FDB4A74977F87348EF5E3E6","D10","CPER",,"grasslandHerbaceous",40.834431,-104.690811,"WGS84",0.1,1624.8,0.1,"2014-07-01T00:30Z","2014-07-01T12:28Z","20140630.1830","20140701.0628","field season","CPER.2014.26","night",12.0,"CPER_078.20140701.0628","Y","NEON.DOC.014049vE","lZbY4xW5FU4=",,0,"No known compromise",0,0
"23E80AF0E8344B52AEBA44EF74082A04","D10","CPER",,"grasslandHerbaceous",40.840911,-104.687576,"WGS84",0.1,1634.2,0.1,"2014-07-01T00:45Z","2014-07-01T12:33Z","20140630.1845","20140701.0633","field season","CPER.2014.26","night",12.0,"CPER_083.20140701.0633","Y","NEON.DOC.014049vE","lZbY4xW5FU4=",,0,"No known compromise",0,0
"C0A814A8F124461A87CFB6FE348277E8","D10","CPER",,"grasslandHerbaceous",40.854510,-104.688209,"WGS84",0.1,1640.8,0.1,"2014-07-01T01:02Z","2014-07-01T12:49Z","20140630.1902","20140701.0649","field season","CPER.2014.26","night",12.0,,"N","NEON.DOC.014049vE","lZbY4xW5FU4=",,0,"No known compromise",-1,0
"8A21EC6B46E44BB6B7DB091FECDCD4CB","D10","CPER",,"grasslandHerbaceous",40.855550,-104.714539,"WGS84",0.1,1661.1,0.1,"2014-07-01T01:14Z","2014-07-01T13:07Z","20140630.1914","20140701.0707","field season","CPER.2014.26","night",12.0,"CPER_090.20140701.0707","Y","NEON.DOC.014049vE","lZbY4xW5FU4=",,0,"No known compromise",0,0
"91489BC7996342F5AD7370071A710CDE","D10","CPER",,"grasslandHerbaceous",40.847775,-104.725614,"WGS84",0.1,1650.8,0.1,"2014-07-01T01:24Z","2014-07-01T13:17Z","20140630.1924","20140701.0717","field season","CPER.2014.26","night",12.0,"CPER_086.20140701.0717","Y","NEON.DOC.014049vE","lZbY4xW5FU4=",,0,"No known compromise",0,0
"71288DAF22AF4667AB05AABE341828A8","D10","CPER",,"grasslandHerbaceous",40.845700,-104.764050,"WGS84",0.1,1662.5,0.1,"2014-07-01T01:40Z","2014-07-01T13:35Z","20140630.1940","20140701.0735","field season","CPER.2014.26","night",12.0,"CPER_084.20140701.0735","Y","NEON.DOC.014049vE","lZbY4xW5FU4=",,0,"No known compromise",0,0
"211976F0ED9842D5A39511BB6080ACA7","D10","CPER",,"grasslandHerbaceous",40.831098,-104.760543,"WGS84",0.1,1660.4,0.1,"2014-07-01T01:50Z","2014-07-01T13:50Z","20140630.1950","20140701.0750","field season","CPER.2014.26","night",12.0,"CPER_080.20140701.0750","Y","NEON.DOC.014049vE","lZbY4xW5FU4=",,0,"No known compromise",0,0
"6979E4290993411AAB2A8420D8AA721C","D10","CPER",,"grasslandHerbaceous",40.825683,-104.762650,"WGS84",0.1,1646.6,0.1,"2014-07-01T02:04Z","2014-07-01T14:04Z","20140630.2004","20140701.0804","field season","CPER.2014.26","night",12.0,"CPER_087.20140701.0804","Y","NEON.DOC.014049vE","lZbY4xW5FU4=",,0,"No known compromise",0,0
"6FE2064922FC46D8886CCC08C710CDD7","D10","CPER",,"grasslandHerbaceous",40.812702,-104.763102,"WGS84",0.1,1639.5,0.1,"2014-07-01T02:17Z","2014-07-01T14:15Z","20140630.2017","20140701.0815","field season","CPER.2014.26","night",12.0,"CPER_089.20140701.0815","Y","NEON.DOC.014049vE","lZbY4xW5FU4=",,0,"No known compromise",0,0
"E575D4E085684A49B6D265910661DC92","D10","CPER",,"grasslandHerbaceous",40.811915,-104.772255,"WGS84",0.1,1639.9,0.1,"2014-07-01T02:26Z","2014-07-01T14:25Z","20140630.2026","20140701.0825","field season","CPER.2014.26","night",12.0,"CPER_088.20140701.0825","Y","NEON.DOC.014049vE","lZbY4xW5FU4=",,0,"No known compromise",0,0
"60731D6302FF4FFEB3858BED05C176F3","D10","CPER",,"grasslandHerbaceous",40.834431,-104.690811,"WGS84",0.1,1624.8,0.1,"2014-07-01T12:28Z","2014-07-01T23:00Z","20140701.0628","20140701.1700","field season","CPER.2014.26","day",10.5,"CPER_078.20140701.1700","Y","NEON.DOC.014049vE","lZbY4xW5FU4=",,0,"No known compromise",0,0
"02D50FBA634C424BB6B671D5888DD71C","D10","CPER",,"grasslandHerbaceous",40.811915,-104.772255,"WGS84",0.1,1639.9,0.1,"2014-07-01T14:25Z","2014-07-01T23:06Z","20140701.0825","20140701.1706","field season","CPER.2014.26","day",8.5,,"N","NEON.DOC.014049vE","lZbY4xW5FU4=",,0,"No known compromise",-1,0
"269D71D1A2C44A24B65385F9385EFFEA","D10","CPER",,"grasslandHerbaceous",40.812702,-104.763102,"WGS84",0.1,1639.5,0.1,"2014-07-01T14:15Z","2014-07-01T23:10Z","20140701.0815","20140701.1710","field season","CPER.2014.26","day",9.0,,"N","NEON.DOC.014049vE","lZbY4xW5FU4=",,0,"No known compromise",-1,0
"774E2F41BF3E46CD809EA50AF82A3283","D10","CPER",,"grasslandHerbaceous",40.840911,-104.687576,"WGS84",0.1,1634.2,0.1,"2014-07-01T12:33Z","2014-07-01T23:18Z","20140701.0633","20140701.1718","field season","CPER.2014.26","day",11.0,"CPER_083.20140701.1718","Y","NEON.DOC.014049vE","lZbY4xW5FU4=",,0,"No known compromise",0,0
"BF7A1EA4153449B4BC8F07AC14BAE6C4","D10","CPER",,"grasslandHerbaceous",40.825683,-104.762650,"WGS84",0.1,1646.6,0.1,"2014-07-01T14:04Z","2014-07-01T23:27Z","20140701.0804","20140701.1727","field season","CPER.2014.26","day",9.5,,"N","NEON.DOC.014049vE","lZbY4xW5FU4=",,0,"No known compromise",-1,0
"2DF6F055911F46E8A7335197E4C0C479","D10","CPER",,"grasslandHerbaceous",40.854510,-104.688209,"WGS84",0.1,1640.8,0.1,"2014-07-01T12:49Z","2014-07-01T23:34Z","20140701.0649","20140701.1734","field season","CPER.2014.26","day",11.0,,"N","NEON.DOC.014049vE","lZbY4xW5FU4=",,0,"No known compromise",-1,0
"61068FBD329E465DBFB716FABF72E438","D10","CPER",,"grasslandHerbaceous",40.831098,-104.760543,"WGS84",0.1,1660.4,0.1,"2014-07-01T13:50Z","2014-07-01T23:42Z","20140701.0750","20140701.1742","field season","CPER.2014.26","day",10.0,,"N","NEON.DOC.014049vE","lZbY4xW5FU4=",,0,"No known compromise",-1,0
"842A89FFDDA946F58B7E9249433C9823","D10","CPER",,"grasslandHerbaceous",40.855550,-104.714539,"WGS84",0.1,1661.1,0.1,"2014-07-01T13:07Z","2014-07-01T23:54Z","20140701.0707","20140701.1754","field season","CPER.2014.26","day",11.0,,"N","NEON.DOC.014049vE","lZbY4xW5FU4=","on ground. cow disturbance|catchCupStatus may not be accurate",1,"No known compromise",-1,0
"500BCEE785024FA28825E7E2A8BB908E","D10","CPER",,"grasslandHerbaceous",40.845700,-104.764050,"WGS84",0.1,1662.5,0.1,"2014-07-01T13:35Z","2014-07-01T23:54Z","20140701.0735","20140701.1754","field season","CPER.2014.26","day",10.5,,"N","NEON.DOC.014049vE","lZbY4xW5FU4=",,0,"No known compromise",-1,0
"C89D70FA55B743BDBB32FD134EC78B50","D10","CPER",,"grasslandHerbaceous",40.847775,-104.725614,"WGS84",0.1,1650.8,0.1,"2014-07-01T13:17Z","2014-07-02T00:09Z","20140701.0717","20140701.1809","field season","CPER.2014.26","day",11.0,,"N","NEON.DOC.014049vE","lZbY4xW5FU4=",,0,"No known compromise",-1,0
"7751916BF1834E2F871F78A339C88398","D10","CPER",,"grasslandHerbaceous",40.834431,-104.690811,"WGS84",0.1,1624.8,0.1,"2014-07-01T23:00Z","2014-07-02T12:52Z","20140701.1700","20140702.0652","field season","CPER.2014.26","night",14.0,"CPER_078.20140702.0652","Y","NEON.DOC.014049vE","lZbY4xW5FU4=",,0,"No known compromise",0,0
"A22EC60C9A184F11A5209108DBB01B70","D10","CPER",,"grasslandHerbaceous",40.840911,-104.687576,"WGS84",0.1,1634.2,0.1,"2014-07-01T23:18Z","2014-07-02T12:59Z","20140701.1718","20140702.0659","field season","CPER.2014.26","night",13.5,"CPER_083.20140702.0659","Y","NEON.DOC.014049vE","lZbY4xW5FU4=",,0,"No known compromise",0,0
"5CB6A1203D8744FD99E94AE13F6D5FE5","D10","CPER",,"grasslandHerbaceous",40.854510,-104.688209,"WGS84",0.1,1640.8,0.1,"2014-07-01T23:34Z","2014-07-02T13:10Z","20140701.1734","20140702.0710","field season","CPER.2014.26","night",13.5,,"N","NEON.DOC.014049vE","lZbY4xW5FU4=",,0,"No known compromise",-1,0
"180D5A6D2DCF44C79DF6CFC7206D7D14","D10","CPER",,"grasslandHerbaceous",40.855550,-104.714539,"WGS84",0.1,1661.1,0.1,"2014-07-01T23:54Z","2014-07-02T13:35Z","20140701.1754","20140702.0735","field season","CPER.2014.26","night",13.5,"CPER_090.20140702.0735","Y","NEON.DOC.014049vE","lZbY4xW5FU4=",,0,"No known compromise",0,0
"E3D65CD28D244F24AC137E9590F4CDE6","D10","CPER",,"grasslandHerbaceous",40.847775,-104.725614,"WGS84",0.1,1650.8,0.1,"2014-07-02T00:09Z","2014-07-02T13:40Z","20140701.1809","20140702.0740","field season","CPER.2014.26","night",13.5,"CPER_086.20140702.0740","Y","NEON.DOC.014049vE","lZbY4xW5FU4=",,0,"No known compromise",0,0
"D122AFC197DE44E3BC3850883472F957","D10","CPER",,"grasslandHerbaceous",40.845700,-104.764050,"WGS84",0.1,1662.5,0.1,"2014-07-01T23:54Z","2014-07-02T13:50Z","20140701.1754","20140702.0750","field season","CPER.2014.26","night",14.0,"CPER_084.20140702.0750","Y","NEON.DOC.014049vE","lZbY4xW5FU4=",,0,"No known compromise",0,0
"701C08772D7443B1B990E5BAF3C977FF","D10","CPER",,"grasslandHerbaceous",40.831098,-104.760543,"WGS84",0.1,1660.4,0.1,"2014-07-01T23:42Z","2014-07-02T14:03Z","20140701.1742","20140702.0803","field season","CPER.2014.26","night",14.5,,"N","NEON.DOC.014049vE","lZbY4xW5FU4=","cow disturbance|catchCupStatus may not be accurate",1,"No known compromise",-1,0
"0408D6D6C57247BA91C97AB9E07E7C8C","D10","CPER",,"grasslandHerbaceous",40.825683,-104.762650,"WGS84",0.1,1646.6,0.1,"2014-07-01T23:27Z","2014-07-02T14:20Z","20140701.1727","20140702.0820","field season","CPER.2014.26","night",15.0,"CPER_087.20140702.0820","Y","NEON.DOC.014049vE","lZbY4xW5FU4=",,0,"No known compromise",0,0
"A6A21165D382430988EAF600A5099FED","D10","CPER",,"grasslandHerbaceous",40.812702,-104.763102,"WGS84",0.1,1639.5,0.1,"2014-07-01T23:10Z","2014-07-02T14:37Z","20140701.1710","20140702.0837","field season","CPER.2014.26","night",15.5,"CPER_089.20140702.0837","Y","NEON.DOC.014049vE","lZbY4xW5FU4=","large spider above fan with web",0,"No known compromise",0,0
"8F41889E06E54C3C9AA726085A6F8405","D10","CPER",,"grasslandHerbaceous",40.811915,-104.772255,"WGS84",0.1,1639.9,0.1,"2014-07-01T23:06Z","2014-07-02T14:43Z","20140701.1706","20140702.0843","field season","CPER.2014.26","night",15.5,"CPER_088.20140702.0843","Y","NEON.DOC.014049vE","lZbY4xW5FU4=",,0,"No known compromise",0,0
"8951C984F0734CEBA1176453280FEE12","D10","CPER",,"grasslandHerbaceous",40.834431,-104.690811,"WGS84",0.1,1624.8,0.1,"2014-07-15T00:09Z","2014-07-15T12:51Z","20140714.1809","20140715.0651","field season","CPER.2014.28","night",12.5,"CPER_078.20140715.0651","Y","NEON.DOC.014049vE","YQGD7F95APlSZQiom3piaw==",,0,"No known compromise",0,0
"625EDD9FE8014EACBA2D32D758B59630","D10","CPER",,"grasslandHerbaceous",40.840911,-104.687576,"WGS84",0.1,1634.2,0.1,"2014-07-15T00:24Z","2014-07-15T13:03Z","20140714.1824","20140715.0703","field season","CPER.2014.28","night",12.5,"CPER_083.20140715.0703","Y","NEON.DOC.014049vE","YQGD7F95APlSZQiom3piaw==","Cable covering (outer) cracked-functional. into affecting internal wiring",0,"No known compromise",0,0
"7B29F2D5E7A74EA1B62DD7302AEF9254","D10","CPER",,"grasslandHerbaceous",40.854510,-104.688209,"WGS84",0.1,1640.8,0.1,"2014-07-15T00:43Z","2014-07-15T13:17Z","20140714.1843","20140715.0717","field season","CPER.2014.28","night",12.5,"CPER_082.20140715.0717","Y","NEON.DOC.014049vE","YQGD7F95APlSZQiom3piaw==",,0,"No known compromise",0,0
"23153A45F5464F338F94D4878509DCB1","D10","CPER",,"grasslandHerbaceous",40.855550,-104.714539,"WGS84",0.1,1661.1,0.1,"2014-07-15T01:02Z","2014-07-15T13:36Z","20140714.1902","20140715.0736","field season","CPER.2014.28","night",12.5,"CPER_090.20140715.0736","Y","NEON.DOC.014049vE","YQGD7F95APlSZQiom3piaw==",,0,"No known compromise",0,0
"C14E4BEA251F473F964A52C853B58305","D10","CPER",,"grasslandHerbaceous",40.847775,-104.725614,"WGS84",0.1,1650.8,0.1,"2014-07-15T01:19Z","2014-07-15T13:50Z","20140714.1919","20140715.0750","field season","CPER.2014.28","night",12.5,"CPER_086.20140715.0750","Y","NEON.DOC.014049vE","YQGD7F95APlSZQiom3piaw==",,0,"No known compromise",0,0
"0AB54BB29D7A4B09A43E6776D2D8BDDC","D10","CPER",,"grasslandHerbaceous",40.845700,-104.764050,"WGS84",0.1,1662.5,0.1,"2014-07-15T01:40Z","2014-07-15T14:06Z","20140714.1940","20140715.0806","field season","CPER.2014.28","night",12.5,"CPER_084.20140715.0806","Y","NEON.DOC.014049vE","YQGD7F95APlSZQiom3piaw==",,0,"No known compromise",0,0
"1EBEBA96439E4A8FA0E91A40992EBE8D","D10","CPER",,"grasslandHerbaceous",40.831098,-104.760543,"WGS84",0.1,1660.4,0.1,"2014-07-15T02:30Z","2014-07-15T14:19Z","20140714.2030","20140715.0819","field season","CPER.2014.28","night",12.0,"CPER_080.20140715.0819","Y","NEON.DOC.014049vE","YQGD7F95APlSZQiom3piaw==",,0,"No known compromise",0,0
"4ACE295BDBBF4CAABFB7841E52D4F418","D10","CPER",,"grasslandHerbaceous",40.825683,-104.762650,"WGS84",0.1,1646.6,0.1,"2014-07-15T02:47Z","2014-07-15T14:39Z","20140714.2047","20140715.0839","field season","CPER.2014.28","night",12.0,"CPER_087.20140715.0839","Y","NEON.DOC.014049vE","YQGD7F95APlSZQiom3piaw==",,0,"No known compromise",0,0
"3688FA2DE4C049BDA9F27ADAC52CDB60","D10","CPER",,"grasslandHerbaceous",40.812702,-104.763102,"WGS84",0.1,1639.5,0.1,"2014-07-15T02:58Z","2014-07-15T14:52Z","20140714.2058","20140715.0852","field season","CPER.2014.28","night",12.0,"CPER_089.20140715.0852","Y","NEON.DOC.014049vE","YQGD7F95APlSZQiom3piaw==",,0,"No known compromise",0,0
"A5C0384254F1465EAFE4721E3E5840E5","D10","CPER",,"grasslandHerbaceous",40.811915,-104.772255,"WGS84",0.1,1639.9,0.1,"2014-07-15T03:05Z","2014-07-15T14:58Z","20140714.2105","20140715.0858","field season","CPER.2014.28","night",12.0,"CPER_088.20140715.0858","Y","NEON.DOC.014049vE","YQGD7F95APlSZQiom3piaw==",,0,"No known compromise",0,0
"71C74D6D102F4C1EBB028B3BBED63DCA","D10","CPER",,"grasslandHerbaceous",40.834431,-104.690811,"WGS84",0.1,1624.8,0.1,"2014-07-15T12:51Z","2014-07-15T23:11Z","20140715.0651","20140715.1711","field season","CPER.2014.28","day",10.5,"CPER_078.20140715.1711","Y","NEON.DOC.014049vE","YQGD7F95APlSZQiom3piaw==",,0,"No known compromise",0,0
"133EF144BF22420EA8BF85A248B7F9C9","D10","CPER",,"grasslandHerbaceous",40.840911,-104.687576,"WGS84",0.1,1634.2,0.1,"2014-07-15T13:03Z","2014-07-15T23:22Z","20140715.0703","20140715.1722","field season","CPER.2014.28","day",10.5,,"N","NEON.DOC.014049vE","YQGD7F95APlSZQiom3piaw==","Cable covering (outer) cracked-functional. into affecting internal wiring",0,"No known compromise",-1,0
"C80E11286A3D460B8EF755B445B9B0C0","D10","CPER",,"grasslandHerbaceous",40.854510,-104.688209,"WGS84",0.1,1640.8,0.1,"2014-07-15T13:17Z","2014-07-15T23:33Z","20140715.0717","20140715.1733","field season","CPER.2014.28","day",10.5,,"N","NEON.DOC.014049vE","YQGD7F95APlSZQiom3piaw==",,0,"No known compromise",-1,0
"1CDBAE00799749099C7AB1AE7D4F26B5","D10","CPER",,"grasslandHerbaceous",40.855550,-104.714539,"WGS84",0.1,1661.1,0.1,"2014-07-15T13:36Z","2014-07-15T23:48Z","20140715.0736","20140715.1748","field season","CPER.2014.28","day",10.0,"CPER_090.20140715.1748","Y","NEON.DOC.014049vE","YQGD7F95APlSZQiom3piaw==",,0,"No known compromise",0,0
"19F7C13B300941389CA6862D622813C8","D10","CPER",,"grasslandHerbaceous",40.847775,-104.725614,"WGS84",0.1,1650.8,0.1,"2014-07-15T13:50Z","2014-07-16T00:00Z","20140715.0750","20140715.1800","field season","CPER.2014.28","day",10.0,,"N","NEON.DOC.014049vE","YQGD7F95APlSZQiom3piaw==",,0,"No known compromise",-1,0
"BEC2D672AF8546CD94D7178D23EA453F","D10","CPER",,"grasslandHerbaceous",40.845700,-104.764050,"WGS84",0.1,1662.5,0.1,"2014-07-15T14:06Z","2014-07-16T00:15Z","20140715.0806","20140715.1815","field season","CPER.2014.28","day",10.0,"CPER_084.20140715.1815","Y","NEON.DOC.014049vE","YQGD7F95APlSZQiom3piaw==",,0,"No known compromise",0,0
"BA4051B9DA1648CFA1F1084AFF1B8FBB","D10","CPER",,"grasslandHerbaceous",40.831098,-104.760543,"WGS84",0.1,1660.4,0.1,"2014-07-15T14:19Z","2014-07-16T00:25Z","20140715.0819","20140715.1825","field season","CPER.2014.28","day",10.0,,"N","NEON.DOC.014049vE","YQGD7F95APlSZQiom3piaw==",,0,"No known compromise",-1,0
"E5ABD946635744BCABBBCAE9429C9F87","D10","CPER",,"grasslandHerbaceous",40.825683,-104.762650,"WGS84",0.1,1646.6,0.1,"2014-07-15T14:39Z","2014-07-16T00:45Z","20140715.0839","20140715.1845","field season","CPER.2014.28","day",10.0,"CPER_087.20140715.1845","Y","NEON.DOC.014049vE","YQGD7F95APlSZQiom3piaw==",,0,"No known compromise",0,0
"53BA134B51FB4312AC35B8A0A30E9509","D10","CPER",,"grasslandHerbaceous",40.812702,-104.763102,"WGS84",0.1,1639.5,0.1,"2014-07-15T14:52Z","2014-07-16T00:55Z","20140715.0852","20140715.1855","field season","CPER.2014.28","day",10.0,"CPER_089.20140715.1855","Y","NEON.DOC.014049vE","YQGD7F95APlSZQiom3piaw==",,0,"No known compromise",1,0
"32083B24C92342CA86E9D06709CB1042","D10","CPER",,"grasslandHerbaceous",40.811915,-104.772255,"WGS84",0.1,1639.9,0.1,"2014-07-15T14:58Z","2014-07-16T01:04Z","20140715.0858","20140715.1904","field season","CPER.2014.28","day",10.0,"CPER_088.20140715.1904","Y","NEON.DOC.014049vE","YQGD7F95APlSZQiom3piaw==",,0,"No known compromise",0,0
"1D8898B9A2B04733BDE2CF28072701B8","D10","CPER",,"grasslandHerbaceous",40.834431,-104.690811,"WGS84",0.1,1624.8,0.1,"2014-07-15T23:11Z","2014-07-16T12:20Z","20140715.1711","20140716.0620","field season","CPER.2014.28","night",13.0,"CPER_078.20140716.0620","Y","NEON.DOC.014049vE","YQGD7F95APlSZQiom3piaw==",,0,"No known compromise",0,0
"39B98FE157DC43259C841AB7AF81A05B","D10","CPER",,"grasslandHerbaceous",40.840911,-104.687576,"WGS84",0.1,1634.2,0.1,"2014-07-15T23:22Z","2014-07-16T12:31Z","20140715.1722","20140716.0631","field season","CPER.2014.28","night",13.0,"CPER_083.20140716.0631","Y","NEON.DOC.014049vE","YQGD7F95APlSZQiom3piaw==","Cable covering (outer) cracked-functional. into affecting internal wiring|catchCupStatus may not be accurate",1,"No known compromise",0,0
"8E3A202898024BC3A51249EF357DCBE4","D10","CPER",,"grasslandHerbaceous",40.854510,-104.688209,"WGS84",0.1,1640.8,0.1,"2014-07-15T23:33Z","2014-07-16T12:40Z","20140715.1733","20140716.0640","field season","CPER.2014.28","night",13.0,"CPER_082.20140716.0640","Y","NEON.DOC.014049vE","YQGD7F95APlSZQiom3piaw==",,0,"No known compromise",0,0
"1D9C075B5B8A490CB1D7F93C1B978D6F","D10","CPER",,"grasslandHerbaceous",40.855550,-104.714539,"WGS84",0.1,1661.1,0.1,"2014-07-15T23:48Z","2014-07-16T12:52Z","20140715.1748","20140716.0652","field season","CPER.2014.28","night",13.0,"CPER_090.20140716.0652","Y","NEON.DOC.014049vE","YQGD7F95APlSZQiom3piaw==",,0,"No known compromise",0,0
"1179B93219414B63A0CF56FBE64074C7","D10","CPER",,"grasslandHerbaceous",40.847775,-104.725614,"WGS84",0.1,1650.8,0.1,"2014-07-16T00:00Z","2014-07-16T13:01Z","20140715.1800","20140716.0701","field season","CPER.2014.28","night",13.0,"CPER_086.20140716.0701","Y","NEON.DOC.014049vE","YQGD7F95APlSZQiom3piaw==",,0,"No known compromise",0,0
"6855C0287ED449668FB39C8DC1C623FD","D10","CPER",,"grasslandHerbaceous",40.845700,-104.764050,"WGS84",0.1,1662.5,0.1,"2014-07-16T00:15Z","2014-07-16T13:13Z","20140715.1815","20140716.0713","field season","CPER.2014.28","night",13.0,"CPER_084.20140716.0713","Y","NEON.DOC.014049vE","YQGD7F95APlSZQiom3piaw==",,0,"No known compromise",0,0
"7801868A22144A5883FADDF86C54EFCE","D10","CPER",,"grasslandHerbaceous",40.831098,-104.760543,"WGS84",0.1,1660.4,0.1,"2014-07-16T00:25Z","2014-07-16T13:22Z","20140715.1825","20140716.0722","field season","CPER.2014.28","night",13.0,"CPER_080.20140716.0722","Y","NEON.DOC.014049vE","YQGD7F95APlSZQiom3piaw==",,0,"No known compromise",0,0
"9F95ED8E8DC24FD2AA137E11434EA5CA","D10","CPER",,"grasslandHerbaceous",40.825683,-104.762650,"WGS84",0.1,1646.6,0.1,"2014-07-16T00:45Z","2014-07-16T13:30Z","20140715.1845","20140716.0730","field season","CPER.2014.28","night",13.0,"CPER_087.20140716.0730","Y","NEON.DOC.014049vE","YQGD7F95APlSZQiom3piaw==",,0,"No known compromise",0,0
"50F7EADE2C544D988615A98A08EF7EB7","D10","CPER",,"grasslandHerbaceous",40.812702,-104.763102,"WGS84",0.1,1639.5,0.1,"2014-07-16T00:55Z","2014-07-16T13:39Z","20140715.1855","20140716.0739","field season","CPER.2014.28","night",12.5,"CPER_089.20140716.0739","Y","NEON.DOC.014049vE","YQGD7F95APlSZQiom3piaw==",,0,"No known compromise",0,0
"C86977B88BDB4B11A2AFFCD7B189D315","D10","CPER",,"grasslandHerbaceous",40.811915,-104.772255,"WGS84",0.1,1639.9,0.1,"2014-07-16T01:04Z","2014-07-16T13:43Z","20140715.1904","20140716.0743","field season","CPER.2014.28","night",12.5,"CPER_088.20140716.0743","Y","NEON.DOC.014049vE","YQGD7F95APlSZQiom3piaw==",,0,"No known compromise",0,0
"0F7D82EDAC0745B2AC00A6C8E41D7AAB","D10","CPER",,"grasslandHerbaceous",40.834431,-104.690811,"WGS84",0.1,1624.8,0.1,"2014-07-28T23:53Z","2014-07-29T12:34Z","20140728.1753","20140729.0634","field season","CPER.2014.30","night",12.5,"CPER_078.20140729.0634","Y","NEON.DOC.014049vE","lZbY4xW5FU4=",,0,"No known compromise",0,0
"9ED6A9ABDBC9409198443B4739BEAA1C","D10","CPER",,"grasslandHerbaceous",40.840911,-104.687576,"WGS84",0.1,1634.2,0.1,"2014-07-29T00:06Z","2014-07-29T12:44Z","20140728.1806","20140729.0644","field season","CPER.2014.30","night",12.5,"CPER_083.20140729.0644","Y","NEON.DOC.014049vE","lZbY4xW5FU4=",,0,"No known compromise",0,0
"4C1BA6C07C0B4AF6BE7F096DC0ED017E","D10","CPER",,"grasslandHerbaceous",40.854510,-104.688209,"WGS84",0.1,1640.8,0.1,"2014-07-29T00:17Z","2014-07-29T12:57Z","20140728.1817","20140729.0657","field season","CPER.2014.30","night",12.5,"CPER_082.20140729.0657","Y","NEON.DOC.014049vE","lZbY4xW5FU4=",,0,"No known compromise",0,0
"8C2AFB40CC4B4F2AA87098473BA3F775","D10","CPER",,"grasslandHerbaceous",40.855550,-104.714539,"WGS84",0.1,1661.1,0.1,"2014-07-29T00:30Z","2014-07-29T13:15Z","20140728.1830","20140729.0715","field season","CPER.2014.30","night",13.0,"CPER_090.20140729.0715","Y","NEON.DOC.014049vE","lZbY4xW5FU4=",,0,"No known compromise",0,0
"95175098A5E640ADA9819B85B87FD875","D10","CPER",,"grasslandHerbaceous",40.847775,-104.725614,"WGS84",0.1,1650.8,0.1,"2014-07-29T00:43Z","2014-07-29T13:25Z","20140728.1843","20140729.0725","field season","CPER.2014.30","night",12.5,"CPER_086.20140729.0725","Y","NEON.DOC.014049vE","lZbY4xW5FU4=",,0,"No known compromise",0,0
"5BCF39EC80584866A367F965EF4CE1A4","D10","CPER",,"grasslandHerbaceous",40.845700,-104.764050,"WGS84",0.1,1662.5,0.1,"2014-07-29T00:56Z","2014-07-29T13:40Z","20140728.1856","20140729.0740","field season","CPER.2014.30","night",12.5,"CPER_084.20140729.0740","Y","NEON.DOC.014049vE","lZbY4xW5FU4=",,0,"No known compromise",0,0
"3B66C4684E2E4C82BF8FC977ED7046EE","D10","CPER",,"grasslandHerbaceous",40.831098,-104.760543,"WGS84",0.1,1660.4,0.1,"2014-07-29T01:06Z","2014-07-29T13:52Z","20140728.1906","20140729.0752","field season","CPER.2014.30","night",13.0,"CPER_080.20140729.0752","Y","NEON.DOC.014049vE","lZbY4xW5FU4=",,0,"No known compromise",0,0
"17D832D016F245E381EF2CA91E84D252","D10","CPER",,"grasslandHerbaceous",40.825683,-104.762650,"WGS84",0.1,1646.6,0.1,"2014-07-29T01:12Z","2014-07-29T14:01Z","20140728.1912","20140729.0801","field season","CPER.2014.30","night",13.0,"CPER_087.20140729.0801","Y","NEON.DOC.014049vE","lZbY4xW5FU4=",,0,"No known compromise",0,0
"6DFAAAA330654747916037FACAA9C314","D10","CPER",,"grasslandHerbaceous",40.812702,-104.763102,"WGS84",0.1,1639.5,0.1,"2014-07-28T20:18Z","2014-07-29T14:14Z","20140728.1418","20140729.0814","field season","CPER.2014.30","night",18.0,"CPER_089.20140729.0814","Y","NEON.DOC.014049vE","lZbY4xW5FU4=",,0,"No known compromise",0,0
"1653F98334304A24BAEB2B2246DA0093","D10","CPER",,"grasslandHerbaceous",40.811915,-104.772255,"WGS84",0.1,1639.9,0.1,"2014-07-29T01:30Z","2014-07-29T14:20Z","20140728.1930","20140729.0820","field season","CPER.2014.30","night",13.0,"CPER_088.20140729.0820","Y","NEON.DOC.014049vE","lZbY4xW5FU4=",,0,"No known compromise",0,0
"E768E0EC5B5D45AD87362DCE5EEA57BD","D10","CPER",,"grasslandHerbaceous",40.834431,-104.690811,"WGS84",0.1,1624.8,0.1,"2014-07-29T12:34Z","2014-07-29T23:35Z","20140729.0634","20140729.1735","field season","CPER.2014.30","day",11.0,,"N","NEON.DOC.014049vE","lZbY4xW5FU4=",,0,"No known compromise",-1,0
"14B9D373E6B24CDE8400B7EFFC5C819D","D10","CPER",,"grasslandHerbaceous",40.840911,-104.687576,"WGS84",0.1,1634.2,0.1,"2014-07-29T12:44Z","2014-07-29T23:50Z","20140729.0644","20140729.1750","field season","CPER.2014.30","day",11.0,"CPER_083.20140729.1750","Y","NEON.DOC.014049vE","lZbY4xW5FU4=",,0,"No known compromise",0,0
"0BB16C38CE704A6BA2F6AE39D9F50DD4","D10","CPER",,"grasslandHerbaceous",40.854510,-104.688209,"WGS84",0.1,1640.8,0.1,"2014-07-29T12:57Z","2014-07-29T23:59Z","20140729.0657","20140729.1759","field season","CPER.2014.30","day",11.0,,"N","NEON.DOC.014049vE","lZbY4xW5FU4=",,0,"No known compromise",-1,0
"D2C14891F95446DC9F5A507AEAF07E69","D10","CPER",,"grasslandHerbaceous",40.855550,-104.714539,"WGS84",0.1,1661.1,0.1,"2014-07-29T13:15Z","2014-07-30T00:12Z","20140729.0715","20140729.1812","field season","CPER.2014.30","day",11.0,,"N","NEON.DOC.014049vE","lZbY4xW5FU4=",,0,"No known compromise",-1,0
"D7CC02D71D764C9F9ABC87D5E5DF804E","D10","CPER",,"grasslandHerbaceous",40.847775,-104.725614,"WGS84",0.1,1650.8,0.1,"2014-07-29T13:25Z","2014-07-30T00:29Z","20140729.0725","20140729.1829","field season","CPER.2014.30","day",11.0,,"N","NEON.DOC.014049vE","lZbY4xW5FU4=",,0,"No known compromise",-1,0
"50826D2DD97540039A1A583B5EC03E67","D10","CPER",,"grasslandHerbaceous",40.845700,-104.764050,"WGS84",0.1,1662.5,0.1,"2014-07-29T13:40Z","2014-07-30T00:48Z","20140729.0740","20140729.1848","field season","CPER.2014.30","day",11.0,,"N","NEON.DOC.014049vE","lZbY4xW5FU4=",,0,"No known compromise",-1,0
"72032D1A8B634D1CA99B75D67B34D4CB","D10","CPER",,"grasslandHerbaceous",40.831098,-104.760543,"WGS84",0.1,1660.4,0.1,"2014-07-29T13:52Z","2014-07-30T01:00Z","20140729.0752","20140729.1900","field season","CPER.2014.30","day",11.0,"CPER_080.20140729.1900","Y","NEON.DOC.014049vE","lZbY4xW5FU4=",,0,"No known compromise",0,0
"3849952B67184E1D8320D13DC1CAC891","D10","CPER",,"grasslandHerbaceous",40.825683,-104.762650,"WGS84",0.1,1646.6,0.1,"2014-07-29T14:01Z","2014-07-30T01:16Z","20140729.0801","20140729.1916","field season","CPER.2014.30","day",11.5,"CPER_087.20140729.1916","Y","NEON.DOC.014049vE","lZbY4xW5FU4=",,0,"No known compromise",0,0
"8200420CF56142B7982D4EB114C90E4B","D10","CPER",,"grasslandHerbaceous",40.812702,-104.763102,"WGS84",0.1,1639.5,0.1,"2014-07-29T14:14Z","2014-07-30T01:26Z","20140729.0814","20140729.1926","field season","CPER.2014.30","day",11.0,,"N","NEON.DOC.014049vE","lZbY4xW5FU4=","catchCupStatus may not be accurate",1,"No known compromise",-1,0
"A06F4FD2DD1C4A7A87311E963A87E18B","D10","CPER",,"grasslandHerbaceous",40.811915,-104.772255,"WGS84",0.1,1639.9,0.1,"2014-07-29T14:20Z","2014-07-30T01:35Z","20140729.0820","20140729.1935","field season","CPER.2014.30","day",11.5,,"N","NEON.DOC.014049vE","lZbY4xW5FU4=","catchCupStatus may not be accurate",1,"No known compromise",-1,0
"08A4C6FF67C449479CE7B4BC17DCCB25","D10","CPER",,"grasslandHerbaceous",40.834431,-104.690811,"WGS84",0.1,1624.8,0.1,"2014-07-29T23:35Z","2014-07-30T12:40Z","20140729.1735","20140730.0640","field season","CPER.2014.30","night",13.0,"CPER_078.20140730.0640","Y","NEON.DOC.014049vE","lZbY4xW5FU4=",,0,"No known compromise",0,0
"676EBCDD394C4C60B9FBB2557C5D9558","D10","CPER",,"grasslandHerbaceous",40.840911,-104.687576,"WGS84",0.1,1634.2,0.1,"2014-07-29T23:50Z","2014-07-30T12:45Z","20140729.1750","20140730.0645","field season","CPER.2014.30","night",13.0,"CPER_083.20140730.0645","Y","NEON.DOC.014049vE","lZbY4xW5FU4=",,0,"No known compromise",0,0
"4C066FAFF0604747886BB72FC0DE9E5D","D10","CPER",,"grasslandHerbaceous",40.854510,-104.688209,"WGS84",0.1,1640.8,0.1,"2014-07-29T23:59Z","2014-07-30T13:00Z","20140729.1759","20140730.0700","field season","CPER.2014.30","night",13.0,"CPER_082.20140730.0700","Y","NEON.DOC.014049vE","lZbY4xW5FU4=",,0,"No known compromise",0,0
"B23ED7CE8A2E4EEFAD59BB92636098AD","D10","CPER",,"grasslandHerbaceous",40.855550,-104.714539,"WGS84",0.1,1661.1,0.1,"2014-07-30T00:12Z","2014-07-30T13:12Z","20140729.1812","20140730.0712","field season","CPER.2014.30","night",13.0,"CPER_090.20140730.0712","Y","NEON.DOC.014049vE","lZbY4xW5FU4=",,0,"No known compromise",0,0
"7E3735C0CF4D4F22A2A803F13EF934CC","D10","CPER",,"grasslandHerbaceous",40.847775,-104.725614,"WGS84",0.1,1650.8,0.1,"2014-07-30T00:29Z","2014-07-30T13:20Z","20140729.1829","20140730.0720","field season","CPER.2014.30","night",13.0,"CPER_086.20140730.0720","Y","NEON.DOC.014049vE","lZbY4xW5FU4=",,0,"No known compromise",0,0
"D9B2011B91D740068C974F73A9B3883E","D10","CPER",,"grasslandHerbaceous",40.845700,-104.764050,"WGS84",0.1,1662.5,0.1,"2014-07-30T00:48Z","2014-07-30T13:34Z","20140729.1848","20140730.0734","field season","CPER.2014.30","night",13.0,"CPER_084.20140730.0734","Y","NEON.DOC.014049vE","lZbY4xW5FU4=",,0,"No known compromise",0,0
"E60530887B6F491AA8CF73FC10B8A7B4","D10","CPER",,"grasslandHerbaceous",40.831098,-104.760543,"WGS84",0.1,1660.4,0.1,"2014-07-30T01:00Z","2014-07-30T13:42Z","20140729.1900","20140730.0742","field season","CPER.2014.30","night",12.5,"CPER_080.20140730.0742","Y","NEON.DOC.014049vE","lZbY4xW5FU4=",,0,"No known compromise",0,0
"ED593CBBBD5547EB92EB26C8D9C86984","D10","CPER",,"grasslandHerbaceous",40.825683,-104.762650,"WGS84",0.1,1646.6,0.1,"2014-07-30T01:16Z","2014-07-30T13:51Z","20140729.1916","20140730.0751","field season","CPER.2014.30","night",12.5,"CPER_087.20140730.0751","Y","NEON.DOC.014049vE","lZbY4xW5FU4=",,0,"No known compromise",0,0
"C2F1AC0A825C4855878D47B7AC14CCC5","D10","CPER",,"grasslandHerbaceous",40.812702,-104.763102,"WGS84",0.1,1639.5,0.1,"2014-07-30T01:26Z","2014-07-30T13:59Z","20140729.1926","20140730.0759","field season","CPER.2014.30","night",12.5,"CPER_089.20140730.0759","Y","NEON.DOC.014049vE","lZbY4xW5FU4=",,0,"No known compromise",0,0
"968568CEC9F843F0938EB7B5C6B1621E","D10","CPER",,"grasslandHerbaceous",40.811915,-104.772255,"WGS84",0.1,1639.9,0.1,"2014-07-30T01:35Z","2014-07-30T14:05Z","20140729.1935","20140730.0805","field season","CPER.2014.30","night",12.5,"CPER_088.20140730.0805","Y","NEON.DOC.014049vE","lZbY4xW5FU4=",,0,"No known compromise",0,0
"36C1B006A85640D8805B942AC0DEA109","D10","CPER",,"grasslandHerbaceous",40.834431,-104.690811,"WGS84",0.1,1624.8,0.1,"2014-08-11T22:52Z","2014-08-12T14:12Z","20140811.1652","20140812.0812","field season","CPER.2014.32","night",15.5,"CPER_078.20140812.0812","Y","NEON.DOC.014049vE","7s8V2dSzVuM/w166k0iT4w==",,0,"No known compromise",0,0
"46014A7AE03E4874A0B6287885D767AA","D10","CPER",,"grasslandHerbaceous",40.840911,-104.687576,"WGS84",0.1,1634.2,0.1,"2014-08-11T23:07Z","2014-08-12T14:24Z","20140811.1707","20140812.0824","field season","CPER.2014.32","night",15.5,"CPER_083.20140812.0824","Y","NEON.DOC.014049vE","7s8V2dSzVuM/w166k0iT4w==",,0,"No known compromise",0,0
"A319DB2808424766BD03EC31073DBCFA","D10","CPER",,"grasslandHerbaceous",40.854510,-104.688209,"WGS84",0.1,1640.8,0.1,"2014-08-11T23:25Z","2014-08-12T14:35Z","20140811.1725","20140812.0835","field season","CPER.2014.32","night",15.0,"CPER_082.20140812.0835","Y","NEON.DOC.014049vE","7s8V2dSzVuM/w166k0iT4w==",,0,"No known compromise",0,0
"00E97CDB587045DDA0465FFAE9B5D92A","D10","CPER",,"grasslandHerbaceous",40.855550,-104.714539,"WGS84",0.1,1661.1,0.1,"2014-08-11T23:41Z","2014-08-12T14:47Z","20140811.1741","20140812.0847","field season","CPER.2014.32","night",15.0,"CPER_090.20140812.0847","Y","NEON.DOC.014049vE","7s8V2dSzVuM/w166k0iT4w==",,0,"No known compromise",0,0
"C6CC17C95AF148C7A33CE570E19D1CF3","D10","CPER",,"grasslandHerbaceous",40.847775,-104.725614,"WGS84",0.1,1650.8,0.1,"2014-08-11T23:55Z","2014-08-12T14:58Z","20140811.1755","20140812.0858","field season","CPER.2014.32","night",15.0,"CPER_086.20140812.0858","Y","NEON.DOC.014049vE","7s8V2dSzVuM/w166k0iT4w==",,0,"No known compromise",0,0
"ED1BB6E414E448DA99B2321A42F17145","D10","CPER",,"grasslandHerbaceous",40.845700,-104.764050,"WGS84",0.1,1662.5,0.1,"2014-08-12T00:10Z","2014-08-12T15:15Z","20140811.1810","20140812.0915","field season","CPER.2014.32","night",15.0,"CPER_084.20140812.0915","Y","NEON.DOC.014049vE","7s8V2dSzVuM/w166k0iT4w==",,0,"No known compromise",0,0
"8734D57661EE4C898FA7F3E79A70683D","D10","CPER",,"grasslandHerbaceous",40.831098,-104.760543,"WGS84",0.1,1660.4,0.1,"2014-08-12T00:26Z","2014-08-12T15:18Z","20140811.1826","20140812.0918","field season","CPER.2014.32","night",15.0,"CPER_080.20140812.0918","Y","NEON.DOC.014049vE","7s8V2dSzVuM/w166k0iT4w==",,0,"No known compromise",0,0
"EFF33165F5AD474F8EDA5A1190360190","D10","CPER",,"grasslandHerbaceous",40.825683,-104.762650,"WGS84",0.1,1646.6,0.1,"2014-08-12T00:41Z","2014-08-12T15:31Z","20140811.1841","20140812.0931","field season","CPER.2014.32","night",15.0,"CPER_087.20140812.0931","Y","NEON.DOC.014049vE","7s8V2dSzVuM/w166k0iT4w==",,0,"No known compromise",0,0
"585B8A66AF8A4D50B3ACD1157C76A88C","D10","CPER",,"grasslandHerbaceous",40.812702,-104.763102,"WGS84",0.1,1639.5,0.1,"2014-08-12T00:55Z","2014-08-12T15:39Z","20140811.1855","20140812.0939","field season","CPER.2014.32","night",14.5,"CPER_089.20140812.0939","Y","NEON.DOC.014049vE","7s8V2dSzVuM/w166k0iT4w==",,0,"No known compromise",0,0
"3549C826337F4F9991B27FFBEE767C2B","D10","CPER",,"grasslandHerbaceous",40.811915,-104.772255,"WGS84",0.1,1639.9,0.1,"2014-08-12T01:04Z","2014-08-12T15:41Z","20140811.1904","20140812.0941","field season","CPER.2014.32","night",14.5,"CPER_088.20140812.0941","Y","NEON.DOC.014049vE","7s8V2dSzVuM/w166k0iT4w==",,0,"No known compromise",0,0
"045951DD71B74EA29A99F40246D5C8E2","D10","CPER",,"grasslandHerbaceous",40.834431,-104.690811,"WGS84",0.1,1624.8,0.1,"2014-08-12T14:12Z","2014-08-12T22:55Z","20140812.0812","20140812.1655","field season","CPER.2014.32","day",8.5,"CPER_078.20140812.1655","Y","NEON.DOC.014049vE","7s8V2dSzVuM/w166k0iT4w==",,0,"No known compromise",0,0
"556D111C56C149B39470E558E56576E6","D10","CPER",,"grasslandHerbaceous",40.840911,-104.687576,"WGS84",0.1,1634.2,0.1,"2014-08-12T14:24Z","2014-08-12T23:08Z","20140812.0824","20140812.1708","field season","CPER.2014.32","day",8.5,"CPER_083.20140812.1708","Y","NEON.DOC.014049vE","7s8V2dSzVuM/w166k0iT4w==",,0,"No known compromise",0,0
"A467C454C57441C5B2D29EEC3CB65EC9","D10","CPER",,"grasslandHerbaceous",40.854510,-104.688209,"WGS84",0.1,1640.8,0.1,"2014-08-12T14:35Z","2014-08-12T23:20Z","20140812.0835","20140812.1720","field season","CPER.2014.32","day",9.0,,"N","NEON.DOC.014049vE","7s8V2dSzVuM/w166k0iT4w==",,0,"No known compromise",-1,0
"4C6A8742C47B4A409C1290C5799B5822","D10","CPER",,"grasslandHerbaceous",40.855550,-104.714539,"WGS84",0.1,1661.1,0.1,"2014-08-12T14:47Z","2014-08-12T23:36Z","20140812.0847","20140812.1736","field season","CPER.2014.32","day",9.0,,"N","NEON.DOC.014049vE","7s8V2dSzVuM/w166k0iT4w==","catchCupStatus may not be accurate",1,"No known compromise",-1,0
"3F1FDC9E7FEE43B5B95E7215A8CEED0E","D10","CPER",,"grasslandHerbaceous",40.847775,-104.725614,"WGS84",0.1,1650.8,0.1,"2014-08-12T14:58Z","2014-08-12T23:47Z","20140812.0858","20140812.1747","field season","CPER.2014.32","day",9.0,"CPER_086.20140812.1747","Y","NEON.DOC.014049vE","7s8V2dSzVuM/w166k0iT4w==",,0,"No known compromise",0,0
"3B4A54D46B874174AD1E293E146387B0","D10","CPER",,"grasslandHerbaceous",40.845700,-104.764050,"WGS84",0.1,1662.5,0.1,"2014-08-12T15:15Z","2014-08-13T00:04Z","20140812.0915","20140812.1804","field season","CPER.2014.32","day",9.0,"CPER_084.20140812.1804","Y","NEON.DOC.014049vE","7s8V2dSzVuM/w166k0iT4w==",,0,"No known compromise",0,0
"7BE4756D733A415CA92FC45CA677EDAE","D10","CPER",,"grasslandHerbaceous",40.831098,-104.760543,"WGS84",0.1,1660.4,0.1,"2014-08-12T15:18Z","2014-08-13T00:14Z","20140812.0918","20140812.1814","field season","CPER.2014.32","day",9.0,"CPER_080.20140812.1814","Y","NEON.DOC.014049vE","7s8V2dSzVuM/w166k0iT4w==",,0,"No known compromise",0,0
"6C4C3D781EBA415A901265FF8AEBE3B6","D10","CPER",,"grasslandHerbaceous",40.825683,-104.762650,"WGS84",0.1,1646.6,0.1,"2014-08-12T15:31Z","2014-08-13T00:23Z","20140812.0931","20140812.1823","field season","CPER.2014.32","day",9.0,"CPER_087.20140812.1823","Y","NEON.DOC.014049vE","7s8V2dSzVuM/w166k0iT4w==",,0,"No known compromise",0,0
"4746BB501D3248669627C8E695D73EC7","D10","CPER",,"grasslandHerbaceous",40.812702,-104.763102,"WGS84",0.1,1639.5,0.1,"2014-08-12T15:39Z","2014-08-13T00:38Z","20140812.0939","20140812.1838","field season","CPER.2014.32","day",9.0,"CPER_089.20140812.1838","Y","NEON.DOC.014049vE","7s8V2dSzVuM/w166k0iT4w==",,0,"No known compromise",0,0
"709E48F189414D19B28D79614192A3B0","D10","CPER",,"grasslandHerbaceous",40.811915,-104.772255,"WGS84",0.1,1639.9,0.1,"2014-08-12T15:41Z","2014-08-13T00:45Z","20140812.0941","20140812.1845","field season","CPER.2014.32","day",9.0,,"N","NEON.DOC.014049vE","7s8V2dSzVuM/w166k0iT4w==",,0,"No known compromise",-1,0
"A8053040826F454EA6775F867DAAA1C9","D10","CPER",,"grasslandHerbaceous",40.834431,-104.690811,"WGS84",0.1,1624.8,0.1,"2014-08-12T22:55Z","2014-08-13T14:16Z","20140812.1655","20140813.0816","field season","CPER.2014.32","night",15.5,"CPER_078.20140813.0816","Y","NEON.DOC.014049vE","7s8V2dSzVuM/w166k0iT4w==",,0,"No known compromise",0,0
"06D57EC6D575431C9F5F7BB886EC78FB","D10","CPER",,"grasslandHerbaceous",40.840911,-104.687576,"WGS84",0.1,1634.2,0.1,"2014-08-12T23:08Z","2014-08-13T14:27Z","20140812.1708","20140813.0827","field season","CPER.2014.32","night",15.5,"CPER_083.20140813.0827","Y","NEON.DOC.014049vE","7s8V2dSzVuM/w166k0iT4w==","SLIGHT BEND IN POLE|catchCupStatus may not be accurate",1,"No known compromise",0,0
"7C6D3B9E5E5B41BAA2991B0D3E824BFF","D10","CPER",,"grasslandHerbaceous",40.854510,-104.688209,"WGS84",0.1,1640.8,0.1,"2014-08-12T23:20Z","2014-08-13T14:41Z","20140812.1720","20140813.0841","field season","CPER.2014.32","night",15.5,"CPER_082.20140813.0841","Y","NEON.DOC.014049vE","7s8V2dSzVuM/w166k0iT4w==",,0,"No known compromise",0,0
"5C3DA2AF79644224AAC8A6737A42C476","D10","CPER",,"grasslandHerbaceous",40.855550,-104.714539,"WGS84",0.1,1661.1,0.1,"2014-08-12T23:36Z","2014-08-13T14:53Z","20140812.1736","20140813.0853","field season","CPER.2014.32","night",15.5,"CPER_090.20140813.0853","Y","NEON.DOC.014049vE","7s8V2dSzVuM/w166k0iT4w==",,0,"No known compromise",0,0
"08BA96891DAB450D91C76ED72E03FA19","D10","CPER",,"grasslandHerbaceous",40.847775,-104.725614,"WGS84",0.1,1650.8,0.1,"2014-08-12T23:47Z","2014-08-13T15:01Z","20140812.1747","20140813.0901","field season","CPER.2014.32","night",15.0,"CPER_086.20140813.0901","Y","NEON.DOC.014049vE","7s8V2dSzVuM/w166k0iT4w==",,0,"No known compromise",0,0
"F6953E69C6964FFF92559AF7B6973821","D10","CPER",,"grasslandHerbaceous",40.845700,-104.764050,"WGS84",0.1,1662.5,0.1,"2014-08-13T00:04Z","2014-08-13T15:15Z","20140812.1804","20140813.0915","field season","CPER.2014.32","night",15.0,"CPER_084.20140813.0915","Y","NEON.DOC.014049vE","7s8V2dSzVuM/w166k0iT4w==",,0,"No known compromise",0,0
"707D63D518314B02BF707AB4443C7F46","D10","CPER",,"grasslandHerbaceous",40.831098,-104.760543,"WGS84",0.1,1660.4,0.1,"2014-08-13T00:14Z","2014-08-13T15:30Z","20140812.1814","20140813.0930","field season","CPER.2014.32","night",15.5,"CPER_080.20140813.0930","Y","NEON.DOC.014049vE","7s8V2dSzVuM/w166k0iT4w==",,-1,"No known compromise",0,0
"46324DDF532B402285DA23FAFB645051","D10","CPER",,"grasslandHerbaceous",40.825683,-104.762650,"WGS84",0.1,1646.6,0.1,"2014-08-13T00:23Z","2014-08-13T15:48Z","20140812.1823","20140813.0948","field season","CPER.2014.32","night",15.5,"CPER_087.20140813.0948","Y","NEON.DOC.014049vE","7s8V2dSzVuM/w166k0iT4w==",,0,"No known compromise",0,0
"57A6EAC2136D41A79AD27E991744525F","D10","CPER",,"grasslandHerbaceous",40.812702,-104.763102,"WGS84",0.1,1639.5,0.1,"2014-08-13T00:38Z","2014-08-13T15:55Z","20140812.1838","20140813.0955","field season","CPER.2014.32","night",15.5,"CPER_089.20140813.0955","Y","NEON.DOC.014049vE","7s8V2dSzVuM/w166k0iT4w==",,0,"No known compromise",0,0
"547D54BC6EE54388829A6900BBE4E35E","D10","CPER",,"grasslandHerbaceous",40.811915,-104.772255,"WGS84",0.1,1639.9,0.1,"2014-08-13T00:45Z","2014-08-13T16:00Z","20140812.1845","20140813.1000","field season","CPER.2014.32","night",15.5,"CPER_088.20140813.1000","Y","NEON.DOC.014049vE","7s8V2dSzVuM/w166k0iT4w==",,-1,"No known compromise",0,0
"3352C1405C0E4F9D86C63B7810AC1AED","D10","CPER",,"grasslandHerbaceous",40.834431,-104.690811,"WGS84",0.1,1624.8,0.1,"2014-08-25T22:47Z","2014-08-26T14:26Z","20140825.1647","20140826.0826","field season","CPER.2014.34","night",15.5,"CPER_078.20140826.0826","Y","NEON.DOC.014049vE","YQGD7F95APlSZQiom3piaw==","changed locality lable from 3rd deployment to 1st deployment",0,"No known compromise",0,0
"6A03D92D13CD4AD89F11AB8C95983809","D10","CPER",,"grasslandHerbaceous",40.840911,-104.687576,"WGS84",0.1,1634.2,0.1,"2014-08-25T23:05Z","2014-08-26T14:37Z","20140825.1705","20140826.0837","field season","CPER.2014.34","night",15.5,"CPER_083.20140826.0837","Y","NEON.DOC.014049vE","YQGD7F95APlSZQiom3piaw==",,0,"No known compromise",0,0
"C84C3ED2E15642CA8BCD81A4E727F88B","D10","CPER",,"grasslandHerbaceous",40.854510,-104.688209,"WGS84",0.1,1640.8,0.1,"2014-08-25T23:18Z","2014-08-26T14:48Z","20140825.1718","20140826.0848","field season","CPER.2014.34","night",15.5,"CPER_082.20140826.0848","Y","NEON.DOC.014049vE","YQGD7F95APlSZQiom3piaw==",,0,"No known compromise",0,0
"CCC1BFF0EE4A41CD81F44D1BFC4D1878","D10","CPER",,"grasslandHerbaceous",40.855550,-104.714539,"WGS84",0.1,1661.1,0.1,"2014-08-26T01:12Z","2014-08-26T15:07Z","20140825.1912","20140826.0907","field season","CPER.2014.34","night",14.0,"CPER_090.20140826.0907","Y","NEON.DOC.014049vE","YQGD7F95APlSZQiom3piaw==",,0,"No known compromise",0,0
"144A219A208843A2A0BF042A11AB407D","D10","CPER",,"grasslandHerbaceous",40.847775,-104.725614,"WGS84",0.1,1650.8,0.1,"2014-08-25T23:44Z","2014-08-26T15:16Z","20140825.1744","20140826.0916","field season","CPER.2014.34","night",15.5,"CPER_086.20140826.0916","Y","NEON.DOC.014049vE","YQGD7F95APlSZQiom3piaw==",,0,"No known compromise",0,0
"EB082470BB5F479E95ACD79CB354B532","D10","CPER",,"grasslandHerbaceous",40.845700,-104.764050,"WGS84",0.1,1662.5,0.1,"2014-08-25T23:57Z","2014-08-26T15:36Z","20140825.1757","20140826.0936","field season","CPER.2014.34","night",15.5,"CPER_084.20140826.0936","Y","NEON.DOC.014049vE","YQGD7F95APlSZQiom3piaw==",,0,"No known compromise",0,0
"10421F21186E4C6EB8F333A2D1384DF9","D10","CPER",,"grasslandHerbaceous",40.831098,-104.760543,"WGS84",0.1,1660.4,0.1,"2014-08-26T00:02Z","2014-08-26T15:47Z","20140825.1802","20140826.0947","field season","CPER.2014.34","night",16.0,"CPER_080.20140826.0947","Y","NEON.DOC.014049vE","YQGD7F95APlSZQiom3piaw==",,0,"No known compromise",0,0
"C89AD6B747314FB08BBCFFC58A819805","D10","CPER",,"grasslandHerbaceous",40.825683,-104.762650,"WGS84",0.1,1646.6,0.1,"2014-08-26T00:14Z","2014-08-26T16:00Z","20140825.1814","20140826.1000","field season","CPER.2014.34","night",16.0,"CPER_087.20140826.1000","Y","NEON.DOC.014049vE","YQGD7F95APlSZQiom3piaw==",,0,"No known compromise",0,0
"CDBED4A12A3F4B62B063DAF6634F4F77","D10","CPER",,"grasslandHerbaceous",40.812702,-104.763102,"WGS84",0.1,1639.5,0.1,"2014-08-26T00:30Z","2014-08-26T16:14Z","20140825.1830","20140826.1014","field season","CPER.2014.34","night",15.5,"CPER_089.20140826.1014","Y","NEON.DOC.014049vE","YQGD7F95APlSZQiom3piaw==",,0,"No known compromise",0,0
"FAAAE00040FB4F91B591A72E8D0216A3","D10","CPER",,"grasslandHerbaceous",40.811915,-104.772255,"WGS84",0.1,1639.9,0.1,"2014-08-26T01:36Z","2014-08-26T16:21Z","20140825.1936","20140826.1021","field season","CPER.2014.34","night",15.0,"CPER_088.20140826.1021","Y","NEON.DOC.014049vE","YQGD7F95APlSZQiom3piaw==",,0,"No known compromise",0,0
"0AF3EA8AAB65404585CE7B2564EE33A4","D10","CPER",,"grasslandHerbaceous",40.834431,-104.690811,"WGS84",0.1,1624.8,0.1,"2014-08-26T14:26Z","2014-08-26T22:59Z","20140826.0826","20140826.1659","field season","CPER.2014.34","day",8.5,,"N","NEON.DOC.014049vE","YQGD7F95APlSZQiom3piaw==",,0,"No known compromise",-1,0
"BC00934C4B83435B9290865F8EFD984F","D10","CPER",,"grasslandHerbaceous",40.840911,-104.687576,"WGS84",0.1,1634.2,0.1,"2014-08-26T14:37Z","2014-08-26T23:07Z","20140826.0837","20140826.1707","field season","CPER.2014.34","day",8.5,,"N","NEON.DOC.014049vE","YQGD7F95APlSZQiom3piaw==",,0,"No known compromise",-1,0
"E6CD6DF746A94F5EA9E0CF707B1B9D8F","D10","CPER",,"grasslandHerbaceous",40.854510,-104.688209,"WGS84",0.1,1640.8,0.1,"2014-08-26T14:48Z","2014-08-26T23:18Z","20140826.0848","20140826.1718","field season","CPER.2014.34","day",8.5,,"N","NEON.DOC.014049vE","YQGD7F95APlSZQiom3piaw==",,0,"No known compromise",-1,0
"ABE9243092CF45ADA07B233E5DDF136C","D10","CPER",,"grasslandHerbaceous",40.855550,-104.714539,"WGS84",0.1,1661.1,0.1,"2014-08-26T15:07Z","2014-08-26T23:31Z","20140826.0907","20140826.1731","field season","CPER.2014.34","day",8.5,,"N","NEON.DOC.014049vE","YQGD7F95APlSZQiom3piaw==","catchCupStatus may not be accurate",1,"No known compromise",-1,0
"56EC69D6EB134FED9290AC1E024768D2","D10","CPER",,"grasslandHerbaceous",40.847775,-104.725614,"WGS84",0.1,1650.8,0.1,"2014-08-26T15:16Z","2014-08-26T23:42Z","20140826.0916","20140826.1742","field season","CPER.2014.34","day",8.5,,"N","NEON.DOC.014049vE","YQGD7F95APlSZQiom3piaw==",,0,"No known compromise",-1,0
"C9DFD21880234204A5C403EAD1D0892E","D10","CPER",,"grasslandHerbaceous",40.845700,-104.764050,"WGS84",0.1,1662.5,0.1,"2014-08-26T15:36Z","2014-08-26T23:57Z","20140826.0936","20140826.1757","field season","CPER.2014.34","day",8.5,,"N","NEON.DOC.014049vE","YQGD7F95APlSZQiom3piaw==",,0,"No known compromise",-1,0
"EA7B26DD14FC4EBC8CC49E2EDF3B8CF6","D10","CPER",,"grasslandHerbaceous",40.831098,-104.760543,"WGS84",0.1,1660.4,0.1,"2014-08-26T15:47Z","2014-08-27T00:05Z","20140826.0947","20140826.1805","field season","CPER.2014.34","day",8.5,,"N","NEON.DOC.014049vE","YQGD7F95APlSZQiom3piaw==",,0,"No known compromise",-1,0
"F54972068B1B4A8793AF0B51E10C3FB2","D10","CPER",,"grasslandHerbaceous",40.825683,-104.762650,"WGS84",0.1,1646.6,0.1,"2014-08-26T16:00Z","2014-08-27T00:13Z","20140826.1000","20140826.1813","field season","CPER.2014.34","day",8.0,,"N","NEON.DOC.014049vE","YQGD7F95APlSZQiom3piaw==",,0,"No known compromise",-1,0
"71032AEA572E4AA1890E80FE8F3A994D","D10","CPER",,"grasslandHerbaceous",40.812702,-104.763102,"WGS84",0.1,1639.5,0.1,"2014-08-26T16:14Z","2014-08-27T00:22Z","20140826.1014","20140826.1822","field season","CPER.2014.34","day",8.0,,"N","NEON.DOC.014049vE","YQGD7F95APlSZQiom3piaw==",,0,"No known compromise",-1,0
"3CB17CBCDB01439898979053A78439D4","D10","CPER",,"grasslandHerbaceous",40.811915,-104.772255,"WGS84",0.1,1639.9,0.1,"2014-08-26T16:21Z","2014-08-27T00:28Z","20140826.1021","20140826.1828","field season","CPER.2014.34","day",8.0,,"N","NEON.DOC.014049vE","YQGD7F95APlSZQiom3piaw==",,0,"No known compromise",-1,0
"FEC6FD9E3A0244E486C98451864825BA","D10","CPER",,"grasslandHerbaceous",40.834431,-104.690811,"WGS84",0.1,1624.8,0.1,"2014-08-26T22:59Z","2014-08-27T14:17Z","20140826.1659","20140827.0817","field season","CPER.2014.34","night",15.5,,"N","NEON.DOC.014049vE","YQGD7F95APlSZQiom3piaw==",,0,"No known compromise",-1,0
"45699FC185564DA9A44E7E0F8F0CDEC8","D10","CPER",,"grasslandHerbaceous",40.840911,-104.687576,"WGS84",0.1,1634.2,0.1,"2014-08-26T23:07Z","2014-08-27T14:30Z","20140826.1707","20140827.0830","field season","CPER.2014.34","night",15.5,"CPER_083.20140827.0830","Y","NEON.DOC.014049vE","YQGD7F95APlSZQiom3piaw==",,0,"No known compromise",0,0
"52E19F7171B7430598DF7CEC5E964784","D10","CPER",,"grasslandHerbaceous",40.854510,-104.688209,"WGS84",0.1,1640.8,0.1,"2014-08-26T23:18Z","2014-08-27T14:42Z","20140826.1718","20140827.0842","field season","CPER.2014.34","night",15.5,"CPER_082.20140827.0842","Y","NEON.DOC.014049vE","YQGD7F95APlSZQiom3piaw==",,0,"No known compromise",0,0
"B2C87F01658F49E091BB50515649CB88","D10","CPER",,"grasslandHerbaceous",40.855550,-104.714539,"WGS84",0.1,1661.1,0.1,"2014-08-26T23:31Z","2014-08-27T15:01Z","20140826.1731","20140827.0901","field season","CPER.2014.34","night",15.5,,"N","NEON.DOC.014049vE","YQGD7F95APlSZQiom3piaw==","catchCupStatus may not be accurate",1,"No known compromise",-1,0
"09877D58F52B4009B21059B5FC0A6D43","D10","CPER",,"grasslandHerbaceous",40.847775,-104.725614,"WGS84",0.1,1650.8,0.1,"2014-08-26T23:42Z","2014-08-27T15:12Z","20140826.1742","20140827.0912","field season","CPER.2014.34","night",15.5,"CPER_086.20140827.0912","Y","NEON.DOC.014049vE","YQGD7F95APlSZQiom3piaw==",,0,"No known compromise",0,0
"E4BC914ED692415490AFF43AFEC4A4E4","D10","CPER",,"grasslandHerbaceous",40.845700,-104.764050,"WGS84",0.1,1662.5,0.1,"2014-08-26T23:57Z","2014-08-27T15:28Z","20140826.1757","20140827.0928","field season","CPER.2014.34","night",15.5,"CPER_084.20140827.0928","Y","NEON.DOC.014049vE","YQGD7F95APlSZQiom3piaw==",,0,"No known compromise",0,0
"A9A03CB1C39B4619B123D96615BCDEF8","D10","CPER",,"grasslandHerbaceous",40.831098,-104.760543,"WGS84",0.1,1660.4,0.1,"2014-08-27T00:05Z","2014-08-27T15:42Z","20140826.1805","20140827.0942","field season","CPER.2014.34","night",15.5,"CPER_080.20140827.0942","Y","NEON.DOC.014049vE","YQGD7F95APlSZQiom3piaw==",,0,"No known compromise",0,0
"043DBC2C0A5E491B93FA2F10F282EA84","D10","CPER",,"grasslandHerbaceous",40.825683,-104.762650,"WGS84",0.1,1646.6,0.1,"2014-08-27T00:13Z","2014-08-27T15:50Z","20140826.1813","20140827.0950","field season","CPER.2014.34","night",15.5,"CPER_087.20140827.0950","Y","NEON.DOC.014049vE","YQGD7F95APlSZQiom3piaw==",,0,"No known compromise",0,0
"03521525CB3F425BBC58A4B1E9DC48DF","D10","CPER",,"grasslandHerbaceous",40.812702,-104.763102,"WGS84",0.1,1639.5,0.1,"2014-08-27T00:22Z","2014-08-27T16:07Z","20140826.1822","20140827.1007","field season","CPER.2014.34","night",16.0,"CPER_089.20140827.1007","Y","NEON.DOC.014049vE","YQGD7F95APlSZQiom3piaw==",,0,"No known compromise",0,0
"2EA9466A90FB4A2398ADC59A36BE52B5","D10","CPER",,"grasslandHerbaceous",40.811915,-104.772255,"WGS84",0.1,1639.9,0.1,"2014-08-27T00:28Z","2014-08-27T16:18Z","20140826.1828","20140827.1018","field season","CPER.2014.34","night",16.0,"CPER_088.20140827.1018","Y","NEON.DOC.014049vE","YQGD7F95APlSZQiom3piaw==",,0,"No known compromise",0,0
"7672FBC0B210446CAF2C098BF176B3BD","D10","CPER",,"grasslandHerbaceous",40.834431,-104.690811,"WGS84",0.1,1624.8,0.1,"2014-09-08T22:22Z","2014-09-09T14:23Z","20140908.1622","20140909.0823","field season","CPER.2014.36","night",16.0,"CPER_078.20140909.0823","Y","NEON.DOC.014049vE","lZbY4xW5FU4=",,0,"No known compromise",0,0
"93BA88E5D2F446DFAAEEEFFCEC5BA1F0","D10","CPER",,"grasslandHerbaceous",40.840911,-104.687576,"WGS84",0.1,1634.2,0.1,"2014-09-08T22:38Z","2014-09-09T14:30Z","20140908.1638","20140909.0830","field season","CPER.2014.36","night",16.0,"CPER_083.20140909.0830","Y","NEON.DOC.014049vE","lZbY4xW5FU4=",,0,"No known compromise",0,0
"A0405EB692C24BE6B51BB1438645F1F7","D10","CPER",,"grasslandHerbaceous",40.854510,-104.688209,"WGS84",0.1,1640.8,0.1,"2014-09-08T22:52Z","2014-09-09T14:42Z","20140908.1652","20140909.0842","field season","CPER.2014.36","night",16.0,"CPER_082.20140909.0842","Y","NEON.DOC.014049vE","lZbY4xW5FU4=",,0,"No known compromise",0,0
"ADF45DD36F03498DB7C8C43BD158393F","D10","CPER",,"grasslandHerbaceous",40.855550,-104.714539,"WGS84",0.1,1661.1,0.1,"2014-09-08T23:10Z","2014-09-09T14:53Z","20140908.1710","20140909.0853","field season","CPER.2014.36","night",15.5,"CPER_090.20140909.0853","Y","NEON.DOC.014049vE","lZbY4xW5FU4=",,0,"No known compromise",0,0
"CC4BEC60410141BFBF0AFCEA80CBCC26","D10","CPER",,"grasslandHerbaceous",40.847775,-104.725614,"WGS84",0.1,1650.8,0.1,"2014-09-08T23:24Z","2014-09-09T15:04Z","20140908.1724","20140909.0904","field season","CPER.2014.36","night",15.5,"CPER_086.20140909.0904","Y","NEON.DOC.014049vE","lZbY4xW5FU4=",,0,"No known compromise",0,0
"80E44123A2684A22BE82E62A03D182A1","D10","CPER",,"grasslandHerbaceous",40.845700,-104.764050,"WGS84",0.1,1662.5,0.1,"2014-09-08T23:44Z","2014-09-09T15:19Z","20140908.1744","20140909.0919","field season","CPER.2014.36","night",15.5,"CPER_084.20140909.0919","Y","NEON.DOC.014049vE","lZbY4xW5FU4=",,0,"No known compromise",0,0
"F7DC87EA66CB4DC99A6558F3627ACEC4","D10","CPER",,"grasslandHerbaceous",40.831098,-104.760543,"WGS84",0.1,1660.4,0.1,"2014-09-09T00:00Z","2014-09-09T15:27Z","20140908.1800","20140909.0927","field season","CPER.2014.36","night",15.5,"CPER_080.20140909.0927","Y","NEON.DOC.014049vE","lZbY4xW5FU4=",,0,"No known compromise",0,0
"EF1A1741946B45D4AE7F0CE5EBC52AA6","D10","CPER",,"grasslandHerbaceous",40.825683,-104.762650,"WGS84",0.1,1646.6,0.1,"2014-09-09T00:24Z","2014-09-09T15:39Z","20140908.1824","20140909.0939","field season","CPER.2014.36","night",15.5,"CPER_087.20140909.0939","Y","NEON.DOC.014049vE","lZbY4xW5FU4=",,0,"No known compromise",0,0
"EB8906406BC0460EAFC57D581F6977C0","D10","CPER",,"grasslandHerbaceous",40.812702,-104.763102,"WGS84",0.1,1639.5,0.1,"2014-09-09T00:39Z","2014-09-09T15:45Z","20140908.1839","20140909.0945","field season","CPER.2014.36","night",15.0,"CPER_089.20140909.0945","Y","NEON.DOC.014049vE","lZbY4xW5FU4=",,0,"No known compromise",0,0
"71F5EEE2D0D84770B808BB9A4D128998","D10","CPER",,"grasslandHerbaceous",40.811915,-104.772255,"WGS84",0.1,1639.9,0.1,"2014-09-09T00:48Z","2014-09-09T15:53Z","20140908.1848","20140909.0953","field season","CPER.2014.36","night",15.0,"CPER_088.20140909.0953","Y","NEON.DOC.014049vE","lZbY4xW5FU4=",,0,"No known compromise",0,0
"DFC545D77A9E4EA3819BC81D600B5C31","D10","CPER",,"grasslandHerbaceous",40.834431,-104.690811,"WGS84",0.1,1624.8,0.1,"2014-09-09T14:23Z","2014-09-09T21:21Z","20140909.0823","20140909.1521","field season","CPER.2014.36","day",7.0,,"N","NEON.DOC.014049vE","lZbY4xW5FU4=",,0,"No known compromise",-1,0
"4D71909E40524AF99C39095C2F357C55","D10","CPER",,"grasslandHerbaceous",40.840911,-104.687576,"WGS84",0.1,1634.2,0.1,"2014-09-09T14:30Z","2014-09-09T21:32Z","20140909.0830","20140909.1532","field season","CPER.2014.36","day",7.0,,"N","NEON.DOC.014049vE","lZbY4xW5FU4=",,0,"No known compromise",-1,0
"CD22765D474540349CB3F015B0A7E73A","D10","CPER",,"grasslandHerbaceous",40.854510,-104.688209,"WGS84",0.1,1640.8,0.1,"2014-09-09T14:42Z","2014-09-09T21:46Z","20140909.0842","20140909.1546","field season","CPER.2014.36","day",7.0,,"N","NEON.DOC.014049vE","lZbY4xW5FU4=",,0,"No known compromise",-1,0
"A399EC9C908B4F49BC18607C9580228D","D10","CPER",,"grasslandHerbaceous",40.855550,-104.714539,"WGS84",0.1,1661.1,0.1,"2014-09-09T14:53Z","2014-09-09T21:59Z","20140909.0853","20140909.1559","field season","CPER.2014.36","day",7.0,,"N","NEON.DOC.014049vE","lZbY4xW5FU4=",,0,"No known compromise",-1,0
"D19CF7A5BC6247D8888FDC2C1D7C478B","D10","CPER",,"grasslandHerbaceous",40.847775,-104.725614,"WGS84",0.1,1650.8,0.1,"2014-09-09T15:04Z","2014-09-09T22:10Z","20140909.0904","20140909.1610","field season","CPER.2014.36","day",7.0,,"N","NEON.DOC.014049vE","lZbY4xW5FU4=",,0,"No known compromise",-1,0
"48DE35F8990543FA8C06FC4079F3892E","D10","CPER",,"grasslandHerbaceous",40.845700,-104.764050,"WGS84",0.1,1662.5,0.1,"2014-09-09T15:19Z","2014-09-09T22:25Z","20140909.0919","20140909.1625","field season","CPER.2014.36","day",7.0,,"N","NEON.DOC.014049vE","lZbY4xW5FU4=",,0,"No known compromise",-1,0
"FC4F948B1BA94A83A5F0959B838D504A","D10","CPER",,"grasslandHerbaceous",40.831098,-104.760543,"WGS84",0.1,1660.4,0.1,"2014-09-09T15:27Z","2014-09-09T22:34Z","20140909.0927","20140909.1634","field season","CPER.2014.36","day",7.0,,"N","NEON.DOC.014049vE","lZbY4xW5FU4=",,0,"No known compromise",-1,0
"EED3B8F9065A4BD8B384CE57AA60F36A","D10","CPER",,"grasslandHerbaceous",40.825683,-104.762650,"WGS84",0.1,1646.6,0.1,"2014-09-09T15:39Z","2014-09-09T22:44Z","20140909.0939","20140909.1644","field season","CPER.2014.36","day",7.0,,"N","NEON.DOC.014049vE","lZbY4xW5FU4=",,0,"No known compromise",-1,0
"4B4D65398D224A7D88F4E966C25F5A0A","D10","CPER",,"grasslandHerbaceous",40.812702,-104.763102,"WGS84",0.1,1639.5,0.1,"2014-09-09T15:45Z","2014-09-09T22:58Z","20140909.0945","20140909.1658","field season","CPER.2014.36","day",7.0,,"N","NEON.DOC.014049vE","lZbY4xW5FU4=",,0,"No known compromise",-1,0
"1B2F0E51603B40D5834A1371E2523898","D10","CPER",,"grasslandHerbaceous",40.811915,-104.772255,"WGS84",0.1,1639.9,0.1,"2014-09-09T15:53Z","2014-09-09T23:03Z","20140909.0953","20140909.1703","field season","CPER.2014.36","day",7.0,,"N","NEON.DOC.014049vE","lZbY4xW5FU4=",,0,"No known compromise",-1,0
"929B54048BB4477697777301BEC6B814","D10","CPER",,"grasslandHerbaceous",40.834431,-104.690811,"WGS84",0.1,1624.8,0.1,"2014-09-09T21:21Z","2014-09-10T14:31Z","20140909.1521","20140910.0831","field season","CPER.2014.36","night",17.0,,"N","NEON.DOC.014049vE","lZbY4xW5FU4=",,0,"No known compromise",-1,0
"0EB3843ED55D4675BFED520B528D761D","D10","CPER",,"grasslandHerbaceous",40.840911,-104.687576,"WGS84",0.1,1634.2,0.1,"2014-09-09T21:32Z","2014-09-10T14:43Z","20140909.1532","20140910.0843","field season","CPER.2014.36","night",17.0,,"N","NEON.DOC.014049vE","lZbY4xW5FU4=",,0,"No known compromise",-1,0
"8F1CD72FBF40489C8EE4EF22FF44DB58","D10","CPER",,"grasslandHerbaceous",40.854510,-104.688209,"WGS84",0.1,1640.8,0.1,"2014-09-09T21:46Z","2014-09-10T14:54Z","20140909.1546","20140910.0854","field season","CPER.2014.36","night",17.0,,"N","NEON.DOC.014049vE","lZbY4xW5FU4=",,0,"No known compromise",-1,0
"6A5AD82F830544E5BB0C54B5146734FD","D10","CPER",,"grasslandHerbaceous",40.855550,-104.714539,"WGS84",0.1,1661.1,0.1,"2014-09-09T21:59Z","2014-09-10T15:09Z","20140909.1559","20140910.0909","field season","CPER.2014.36","night",17.0,,"N","NEON.DOC.014049vE","lZbY4xW5FU4=",,0,"No known compromise",-1,0
"44AF2439DAD341009761E482B4792198","D10","CPER",,"grasslandHerbaceous",40.847775,-104.725614,"WGS84",0.1,1650.8,0.1,"2014-09-09T22:10Z","2014-09-10T15:18Z","20140909.1610","20140910.0918","field season","CPER.2014.36","night",17.0,,"N","NEON.DOC.014049vE","lZbY4xW5FU4=",,0,"No known compromise",-1,0
"8FF52F9F6E6D415F9E435A4F4CA12C4C","D10","CPER",,"grasslandHerbaceous",40.845700,-104.764050,"WGS84",0.1,1662.5,0.1,"2014-09-09T22:25Z","2014-09-10T15:35Z","20140909.1625","20140910.0935","field season","CPER.2014.36","night",17.0,,"N","NEON.DOC.014049vE","lZbY4xW5FU4=",,0,"No known compromise",-1,0
"4BF477BB80B74EB9B58A223C1D4BEF02","D10","CPER",,"grasslandHerbaceous",40.831098,-104.760543,"WGS84",0.1,1660.4,0.1,"2014-09-09T22:34Z","2014-09-10T15:46Z","20140909.1634","20140910.0946","field season","CPER.2014.36","night",17.0,,"N","NEON.DOC.014049vE","lZbY4xW5FU4=",,0,"No known compromise",-1,0
"741A7E77153549D1BD422B1006183743","D10","CPER",,"grasslandHerbaceous",40.825683,-104.762650,"WGS84",0.1,1646.6,0.1,"2014-09-09T22:44Z","2014-09-10T15:55Z","20140909.1644","20140910.0955","field season","CPER.2014.36","night",17.0,"CPER_087.20140910.0955","Y","NEON.DOC.014049vE","lZbY4xW5FU4=",,0,"No known compromise",0,0
"26079252826C44C88E741E58C526378E","D10","CPER",,"grasslandHerbaceous",40.812702,-104.763102,"WGS84",0.1,1639.5,0.1,"2014-09-09T22:58Z","2014-09-10T16:06Z","20140909.1658","20140910.1006","field season","CPER.2014.36","night",17.0,,"N","NEON.DOC.014049vE","lZbY4xW5FU4=",,0,"No known compromise",-1,0
"8370BE8504C749EAA0BC93B51B80437B","D10","CPER",,"grasslandHerbaceous",40.811915,-104.772255,"WGS84",0.1,1639.9,0.1,"2014-09-09T23:03Z","2014-09-10T16:12Z","20140909.1703","20140910.1012","field season","CPER.2014.36","night",17.0,"CPER_088.20140910.1012","Y","NEON.DOC.014049vE","lZbY4xW5FU4=",,0,"No known compromise",0,0
"7384B04568D0464A84B8E7DE94D6239E","D10","CPER",,"grasslandHerbaceous",40.834431,-104.690811,"WGS84",0.1,1624.8,0.1,"2014-09-23T23:21Z","2014-09-24T14:30Z","20140923.1721","20140924.0830","field season","CPER.2014.38","night",15.0,"CPER_078.20140924.0830","Y","NEON.DOC.014049vE","Xlq171H9ZZZEPy9Md+oBSw==",,0,"No known compromise",0,0
"B46149F473A6450DBA16DCB8127A377A","D10","CPER",,"grasslandHerbaceous",40.840911,-104.687576,"WGS84",0.1,1634.2,0.1,"2014-09-23T23:31Z","2014-09-24T14:42Z","20140923.1731","20140924.0842","field season","CPER.2014.38","night",15.0,"CPER_083.20140924.0842","Y","NEON.DOC.014049vE","Xlq171H9ZZZEPy9Md+oBSw==",,0,"No known compromise",0,0
"48065B2431C44616817D8CE5654FAC14","D10","CPER",,"grasslandHerbaceous",40.854510,-104.688209,"WGS84",0.1,1640.8,0.1,"2014-09-23T23:42Z","2014-09-24T14:52Z","20140923.1742","20140924.0852","field season","CPER.2014.38","night",15.0,"CPER_082.20140924.0852","Y","NEON.DOC.014049vE","Xlq171H9ZZZEPy9Md+oBSw==",,0,"No known compromise",1,0
"DAA61CDEAB844BC4A20E339E2EFDBF8B","D10","CPER",,"grasslandHerbaceous",40.855550,-104.714539,"WGS84",0.1,1661.1,0.1,"2014-09-23T23:56Z","2014-09-24T15:07Z","20140923.1756","20140924.0907","field season","CPER.2014.38","night",15.0,,"N","NEON.DOC.014049vE","Xlq171H9ZZZEPy9Md+oBSw==",,0,"No known compromise",-1,0
"800C863CBC204CBE88DA7C726828A53B","D10","CPER",,"grasslandHerbaceous",40.847775,-104.725614,"WGS84",0.1,1650.8,0.1,"2014-09-24T00:07Z","2014-09-24T15:16Z","20140923.1807","20140924.0916","field season","CPER.2014.38","night",15.0,"CPER_086.20140924.0916","Y","NEON.DOC.014049vE","Xlq171H9ZZZEPy9Md+oBSw==",,0,"No known compromise",0,0
"1A998738AA6E4497821E21E019325392","D10","CPER",,"grasslandHerbaceous",40.845700,-104.764050,"WGS84",0.1,1662.5,0.1,"2014-09-24T00:19Z","2014-09-24T15:30Z","20140923.1819","20140924.0930","field season","CPER.2014.38","night",15.0,"CPER_084.20140924.0930","Y","NEON.DOC.014049vE","Xlq171H9ZZZEPy9Md+oBSw==",,0,"No known compromise",1,0
"A91C2C12E4AB4277B0608D7DCF6C41FC","D10","CPER",,"grasslandHerbaceous",40.831098,-104.760543,"WGS84",0.1,1660.4,0.1,"2014-09-24T00:31Z","2014-09-24T15:39Z","20140923.1831","20140924.0939","field season","CPER.2014.38","night",15.0,"CPER_080.20140924.0939","Y","NEON.DOC.014049vE","Xlq171H9ZZZEPy9Md+oBSw==",,0,"No known compromise",0,0
"1494A997073B45A5A940499FF950363C","D10","CPER",,"grasslandHerbaceous",40.825683,-104.762650,"WGS84",0.1,1646.6,0.1,"2014-09-24T00:41Z","2014-09-24T15:48Z","20140923.1841","20140924.0948","field season","CPER.2014.38","night",15.0,"CPER_087.20140924.0948","Y","NEON.DOC.014049vE","Xlq171H9ZZZEPy9Md+oBSw==",,0,"No known compromise",0,0
"9B69CFD2ECD0430EB14C38A3CA752DFE","D10","CPER",,"grasslandHerbaceous",40.812702,-104.763102,"WGS84",0.1,1639.5,0.1,"2014-09-24T00:51Z","2014-09-24T15:56Z","20140923.1851","20140924.0956","field season","CPER.2014.38","night",15.0,"CPER_089.20140924.0956","Y","NEON.DOC.014049vE","Xlq171H9ZZZEPy9Md+oBSw==",,0,"No known compromise",0,0
"4092E503D28E4A0B8389E443BE437B0A","D10","CPER",,"grasslandHerbaceous",40.811915,-104.772255,"WGS84",0.1,1639.9,0.1,"2014-09-24T01:00Z","2014-09-24T16:01Z","20140923.1900","20140924.1001","field season","CPER.2014.38","night",15.0,"CPER_088.20140924.1001","Y","NEON.DOC.014049vE","Xlq171H9ZZZEPy9Md+oBSw==",,0,"No known compromise",0,0
"63A62E306CC34DA8B97F4DAB02AE32F3","D10","CPER",,"grasslandHerbaceous",40.834431,-104.690811,"WGS84",0.1,1624.8,0.1,"2014-09-24T14:30Z","2014-09-24T23:20Z","20140924.0830","20140924.1720","field season","CPER.2014.38","day",9.0,,"N","NEON.DOC.014049vE","Xlq171H9ZZZEPy9Md+oBSw==",,0,"No known compromise",-1,0
"6856759592F54F20A91E83A6A08134E8","D10","CPER",,"grasslandHerbaceous",40.840911,-104.687576,"WGS84",0.1,1634.2,0.1,"2014-09-24T14:42Z","2014-09-24T23:31Z","20140924.0842","20140924.1731","field season","CPER.2014.38","day",9.0,,"N","NEON.DOC.014049vE","Xlq171H9ZZZEPy9Md+oBSw==",,0,"No known compromise",-1,0
"321FE29FF8D04BD6BA363627D4A3EDE0","D10","CPER",,"grasslandHerbaceous",40.854510,-104.688209,"WGS84",0.1,1640.8,0.1,"2014-09-24T14:52Z","2014-09-24T23:41Z","20140924.0852","20140924.1741","field season","CPER.2014.38","day",9.0,,"N","NEON.DOC.014049vE","Xlq171H9ZZZEPy9Md+oBSw==",,0,"No known compromise",-1,0
"E52624CD8B414D0F959D0891F12503AB","D10","CPER",,"grasslandHerbaceous",40.855550,-104.714539,"WGS84",0.1,1661.1,0.1,"2014-09-24T15:07Z","2014-09-24T23:57Z","20140924.0907","20140924.1757","field season","CPER.2014.38","day",9.0,,"N","NEON.DOC.014049vE","Xlq171H9ZZZEPy9Md+oBSw==",,0,"No known compromise",-1,0
"1257A4D6146145E1AB33A3B6C4108DD4","D10","CPER",,"grasslandHerbaceous",40.847775,-104.725614,"WGS84",0.1,1650.8,0.1,"2014-09-24T15:16Z","2014-09-25T00:06Z","20140924.0916","20140924.1806","field season","CPER.2014.38","day",9.0,,"N","NEON.DOC.014049vE","Xlq171H9ZZZEPy9Md+oBSw==",,0,"No known compromise",-1,0
"B73F998297E04674AD9EDAA0A6379D23","D10","CPER",,"grasslandHerbaceous",40.845700,-104.764050,"WGS84",0.1,1662.5,0.1,"2014-09-24T15:30Z","2014-09-25T00:20Z","20140924.0930","20140924.1820","field season","CPER.2014.38","day",9.0,,"N","NEON.DOC.014049vE","Xlq171H9ZZZEPy9Md+oBSw==",,0,"No known compromise",-1,0
"1FE2BD4014C64E79BEA0FB5FF8552F99","D10","CPER",,"grasslandHerbaceous",40.831098,-104.760543,"WGS84",0.1,1660.4,0.1,"2014-09-24T15:39Z","2014-09-25T00:29Z","20140924.0939","20140924.1829","field season","CPER.2014.38","day",9.0,,"N","NEON.DOC.014049vE","Xlq171H9ZZZEPy9Md+oBSw==",,0,"No known compromise",-1,0
"248D0B84D0BF4B8E80ED42A9F52091BB","D10","CPER",,"grasslandHerbaceous",40.825683,-104.762650,"WGS84",0.1,1646.6,0.1,"2014-09-24T15:48Z","2014-09-25T00:37Z","20140924.0948","20140924.1837","field season","CPER.2014.38","day",9.0,,"N","NEON.DOC.014049vE","Xlq171H9ZZZEPy9Md+oBSw==",,0,"No known compromise",-1,0
"AA19D6645CD842DABF39B0B31C733F40","D10","CPER",,"grasslandHerbaceous",40.812702,-104.763102,"WGS84",0.1,1639.5,0.1,"2014-09-24T15:56Z","2014-09-25T00:56Z","20140924.0956","20140924.1856","field season","CPER.2014.38","day",9.0,"CPER_089.20140924.1856","Y","NEON.DOC.014049vE","Xlq171H9ZZZEPy9Md+oBSw==",,0,"No known compromise",0,0
"5690FB9320154FA8ACAD0F478B1D1F15","D10","CPER",,"grasslandHerbaceous",40.811915,-104.772255,"WGS84",0.1,1639.9,0.1,"2014-09-24T16:01Z","2014-09-25T01:00Z","20140924.1001","20140924.1900","field season","CPER.2014.38","day",9.0,,"N","NEON.DOC.014049vE","Xlq171H9ZZZEPy9Md+oBSw==",,0,"No known compromise",-1,0
"B64AA647D8D04EE3B463709F173E8C40","D10","CPER",,"grasslandHerbaceous",40.834431,-104.690811,"WGS84",0.1,1624.8,0.1,"2014-09-24T23:20Z","2014-09-25T13:17Z","20140924.1720","20140925.0717","field season","CPER.2014.38","night",14.0,,"N","NEON.DOC.014049vE","Xlq171H9ZZZEPy9Md+oBSw==","3rd collection. battery disconnected|catchCupStatus may not be accurate",1,"No known compromise",-1,0
"AA544D5BBB6B4A66BB21621EB7D37C2C","D10","CPER",,"grasslandHerbaceous",40.840911,-104.687576,"WGS84",0.1,1634.2,0.1,"2014-09-24T23:31Z","2014-09-25T13:29Z","20140924.1731","20140925.0729","field season","CPER.2014.38","night",14.0,"CPER_083.20140925.0729","Y","NEON.DOC.014049vE","Xlq171H9ZZZEPy9Md+oBSw==",,0,"No known compromise",0,0
"320FE8C3A9514F5997B531DDC5B2B8F7","D10","CPER",,"grasslandHerbaceous",40.854510,-104.688209,"WGS84",0.1,1640.8,0.1,"2014-09-24T23:41Z","2014-09-25T13:37Z","20140924.1741","20140925.0737","field season","CPER.2014.38","night",14.0,"CPER_082.20140925.0737","Y","NEON.DOC.014049vE","Xlq171H9ZZZEPy9Md+oBSw==",,0,"No known compromise",0,0
"30597B8CDFB54C27AA1A06145D940E9F","D10","CPER",,"grasslandHerbaceous",40.855550,-104.714539,"WGS84",0.1,1661.1,0.1,"2014-09-24T23:57Z","2014-09-25T13:56Z","20140924.1757","20140925.0756","field season","CPER.2014.38","night",14.0,"CPER_090.20140925.0756","Y","NEON.DOC.014049vE","Xlq171H9ZZZEPy9Md+oBSw==",,0,"No known compromise",0,0
"C75E57E10B2942DAA6B8188519966F19","D10","CPER",,"grasslandHerbaceous",40.847775,-104.725614,"WGS84",0.1,1650.8,0.1,"2014-09-25T00:06Z","2014-09-25T14:07Z","20140924.1806","20140925.0807","field season","CPER.2014.38","night",14.0,,"N","NEON.DOC.014049vE","Xlq171H9ZZZEPy9Md+oBSw==",,0,"No known compromise",-1,0
"570AB418715B4214BA4AA12CBADB75B3","D10","CPER",,"grasslandHerbaceous",40.845700,-104.764050,"WGS84",0.1,1662.5,0.1,"2014-09-25T00:20Z","2014-09-25T14:17Z","20140924.1820","20140925.0817","field season","CPER.2014.38","night",14.0,"CPER_084.20140925.0817","Y","NEON.DOC.014049vE","Xlq171H9ZZZEPy9Md+oBSw==",,0,"No known compromise",0,0
"123EBA99D338400DADD0842D492D4C33","D10","CPER",,"grasslandHerbaceous",40.831098,-104.760543,"WGS84",0.1,1660.4,0.1,"2014-09-25T00:29Z","2014-09-25T14:35Z","20140924.1829","20140925.0835","field season","CPER.2014.38","night",14.0,"CPER_080.20140925.0835","Y","NEON.DOC.014049vE","Xlq171H9ZZZEPy9Md+oBSw==",,0,"No known compromise",0,0
"0075615680AD41FC99BD0649F4E4F07F","D10","CPER",,"grasslandHerbaceous",40.825683,-104.762650,"WGS84",0.1,1646.6,0.1,"2014-09-25T00:37Z","2014-09-25T14:44Z","20140924.1837","20140925.0844","field season","CPER.2014.38","night",14.0,"CPER_087.20140925.0844","Y","NEON.DOC.014049vE","Xlq171H9ZZZEPy9Md+oBSw==","3rd collection: fan & catch cup knocked off of assembly and on ground",0,"No known compromise",0,0
"5B89FA08644240AC9FCA75F9DFD3A108","D10","CPER",,"grasslandHerbaceous",40.812702,-104.763102,"WGS84",0.1,1639.5,0.1,"2014-09-25T00:56Z","2014-09-25T14:50Z","20140924.1856","20140925.0850","field season","CPER.2014.38","night",14.0,"CPER_089.20140925.0850","Y","NEON.DOC.014049vE","Xlq171H9ZZZEPy9Md+oBSw==",,0,"No known compromise",0,0
"301DE1EF4E9A4B74A42F7D0C3A21DCD8","D10","CPER",,"grasslandHerbaceous",40.811915,-104.772255,"WGS84",0.1,1639.9,0.1,"2014-09-25T01:00Z","2014-09-25T14:54Z","20140924.1900","20140925.0854","field season","CPER.2014.38","night",14.0,"CPER_088.20140925.0854","Y","NEON.DOC.014049vE","Xlq171H9ZZZEPy9Md+oBSw==",,0,"No known compromise",0,0
