"uid","domainID","siteID","decimalLatitude","decimalLongitude","geodeticDatum","coordinateUncertainty","elevation","elevationUncertainty","startCollectDate","endCollectDate","archiveID","sampleTiming","scientificName","sex","archivedCount","archiveMedium","archiveVialIDList","archiveFacilityID","deprecatedVialID","samplingProtocolVersion","duplicatesInArchivePoolingQF"
"D5EDE26D462E43E79AE742C0123C320C","D03","OSBS",29.702842,-82.006092,"WGS84",3052.9,35.4,1.7,"2014-04-10","2014-04-11","OSBS.2014.14.AEDSPP.F.A","field season","Aedes sp.","F",32,"Frozen -80C","OSBS.2014.14.AEDSPP.F.A.01",,"OSBS.2014.1.Aedes spp.Female","NEON.DOC.014049vE",0
"CDBD1E93E89341DCA68E3701AFBBB489","D03","OSBS",29.684689,-82.017693,"WGS84",0.7,34.4,0.7,"2014-04-10","2014-04-11","OSBS.2014.14.PSOFER.F.A","field season","Psorophora ferox","F",1,"Frozen -80C","OSBS.2014.14.PSOFER.F.A.01",,"OSBS.2014.1.Psorophora ferox.Female","NEON.DOC.014049vE",0
"3666AC58DA46420AA3EDF037A0E69DDC","D03","OSBS",29.712968,-81.998583,"WGS84",1718.5,35.6,1.6,"2014-04-10","2014-04-11","OSBS.2014.14.ORTSIG.F.A","field season","Orthopodomyia signifera","F",2,"Frozen -80C","OSBS.2014.14.ORTSIG.F.A.01",,"OSBS.2014.1.Orthopodomyia signifera.Female","NEON.DOC.014049vE",0
"E15586D5282D404FB2D5EF6E98990BA2","D03","OSBS",29.695132,-81.972757,"WGS84",4499.9,33.9,15.0,"2014-04-10","2014-04-11","OSBS.2014.14.ANOCRU.F.A","field season","Anopheles crucians","F",3000,"Frozen -80C","OSBS.2014.14.ANOCRU.F.A.02",,"OSBS.2014.1.Anopheles crucians.Female","NEON.DOC.014049vE",0
"35B037493574416783040A742705E165","D03","OSBS",29.706217,-82.003589,"WGS84",2749.0,35.5,1.7,"2014-04-10","2014-04-11","OSBS.2014.14.AEDCAN2.F.A","field season","Aedes canadensis","F",46,"Frozen -80C","OSBS.2014.14.AEDCAN2.F.A.01",,"OSBS.2014.1.Aedes canadensis.Female","NEON.DOC.014049vE",0
"2489C075C7F64C519C695EC8CD227205","D03","OSBS",29.692847,-81.974516,"WGS84",4275.1,35.2,13.6,"2014-04-10","2014-04-11","OSBS.2014.14.COQPER.F.A","field season","Coquillettidia perturbans","F",75,"Frozen -80C","OSBS.2014.14.COQPER.F.A.01",,"OSBS.2014.1.Coquillettidia perturbans.Female","NEON.DOC.014049vE",0
"EA246DCE31004861B44519F1B2E32130","D03","OSBS",29.678604,-81.962459,"WGS84",0.6,48.1,0.8,"2014-04-10","2014-04-11","OSBS.2014.14.PSOCOL.F.A","field season","Psorophora columbiae","F",1,"Frozen -80C","OSBS.2014.14.PSOCOL.F.A.01",,"OSBS.2014.1.Psorophora columbiae.Female","NEON.DOC.014049vE",0
"8D7992AC49AC46D6B86A99B514081D15","D03","OSBS",29.700109,-81.986659,"WGS84",4834.6,36.3,8.0,"2014-04-10","2014-04-11","OSBS.2014.14.AEDINF.F.A","field season","Aedes infirmatus","F",57,"Frozen -80C","OSBS.2014.14.AEDINF.F.A.01",,"OSBS.2014.1.Aedes infirmatus.Female","NEON.DOC.014049vE",0
"77B7EC7DDCF441B2B520270B88133FB5","D03","OSBS",29.725193,-81.987658,"WGS84",0.9,35.3,1.2,"2014-04-10","2014-04-11","OSBS.2014.14.CULRES.F.A","field season","Culex restuans","F",2,"Frozen -80C","OSBS.2014.14.CULRES.F.A.01",,"OSBS.2014.1.Culex restuans.Female","NEON.DOC.014049vE",0
"A5036F8A9A4E4203B3D2F00305A98C3F","D03","OSBS",29.688581,-81.979145,"WGS84",3844.4,37.5,11.3,"2014-04-10","2014-04-11","OSBS.2014.14.ANOSPP1.F.A","field season","Anopheles sp.","F",99,"Frozen -80C","OSBS.2014.14.ANOSPP1.F.A.01",,"OSBS.2014.1.Anopheles spp.Female","NEON.DOC.014049vE",0
"EC699A6FB9E34DD493E226BB5BFEB867","D03","OSBS",29.695298,-81.973955,"WGS84",4392.9,34.4,14.5,"2014-04-10","2014-04-11","OSBS.2014.14.CULSAL.F.A","field season","Culex salinarius","F",859,"Frozen -80C","OSBS.2014.14.CULSAL.F.A.01",,"OSBS.2014.1.Culex salinarius.Female","NEON.DOC.014049vE",0
"6F47C9A49FB744C2A5E323C4AD4987AB","D03","OSBS",29.682735,-81.971958,"WGS84",4431.4,35.8,13.1,"2014-04-10","2014-04-11","OSBS.2014.14.COQPER.M.A","field season","Coquillettidia perturbans","M",8,"Frozen -80C","OSBS.2014.14.COQPER.M.A.01",,"OSBS.2014.1.Coquillettidia perturbans.Female|OSBS.2014.1.Coquillettidia perturbans.Male","NEON.DOC.014049vE",0
"714AADCE5AA5470F9D72039DCEBCEB44","D03","OSBS",29.706217,-82.003589,"WGS84",2749.0,35.5,1.7,"2014-04-10","2014-04-11","OSBS.2014.14.AEDATL.F.A","field season","Aedes atlanticus","F",39,"Frozen -80C","OSBS.2014.14.AEDATL.F.A.01",,"OSBS.2014.1.Aedes atlanticus.Female","NEON.DOC.014049vE",0
"B06CB538ADFE49F6BF2A5FDC14713ECD","D03","OSBS",29.706220,-81.970873,"WGS84",3799.5,33.4,3.1,"2014-04-10","2014-04-11","OSBS.2014.14.AEDVEX.F.A","field season","Aedes vexans","F",7,"Frozen -80C","OSBS.2014.14.AEDVEX.F.A.01",,"OSBS.2014.1.Aedes vexans.Female","NEON.DOC.014049vE",0
"B5132C4797F048568ABFDA0E3A726DDD","D03","OSBS",29.697594,-81.975244,"WGS84",4349.7,34.1,14.7,"2014-04-10","2014-04-11","OSBS.2014.14.CULERR.F.A","field season","Culex erraticus","F",165,"Frozen -80C","OSBS.2014.14.CULERR.F.A.01",,"OSBS.2014.1.Culex erraticus.Female","NEON.DOC.014049vE",0
"919F2FD3AE9B47CDB5D92C3AD98ABA2E","D03","OSBS",29.699353,-81.979209,"WGS84",4063.3,36.1,12.7,"2014-04-10","2014-04-11","OSBS.2014.14.MANTIT.F.A","field season","Mansonia titillans","F",16,"Frozen -80C","OSBS.2014.14.MANTIT.F.A.01",,"OSBS.2014.1.Mansonia titillans.Female","NEON.DOC.014049vE",0
"61AE10BD42A94D0B8747AFF352BB7E56","D03","OSBS",29.691633,-81.974267,"WGS84",4272.4,34.3,14.6,"2014-04-10","2014-04-11","OSBS.2014.14.CULSPP3.F.A","field season","Culex sp.","F",191,"Frozen -80C","OSBS.2014.14.CULSPP3.F.A.01",,"OSBS.2014.1.Culex spp.Female","NEON.DOC.014049vE",0
"8C146C9621E2411DA197E9119430352B","D03","OSBS",29.695780,-81.967819,"WGS84",3783.3,34.8,14.1,"2014-04-10","2014-04-11","OSBS.2014.14.AEDMIT.F.A","field season","Aedes mitchellae","F",11,"Frozen -80C","OSBS.2014.14.AEDMIT.F.A.01",,"OSBS.2014.1.Aedes mitchellae.Female","NEON.DOC.014049vE",0
"5CF319D0B4C647EABC351EFEB928ABB4","D03","OSBS",29.686936,-81.962158,"WGS84",0.1,24.5,0.1,"2014-04-10","2014-04-11","OSBS.2014.14.CULSPP3.M.A","field season","Culex sp.","M",2,"Frozen -80C","OSBS.2014.14.CULSPP3.M.A.01",,"OSBS.2014.1.Culex spp.Male","NEON.DOC.014049vE",0
"409B5CE1145441BBA17E58CB2A5C2DDA","D03","OSBS",29.692193,-81.964687,"WGS84",4438.8,36.3,8.0,"2014-04-10","2014-04-11","OSBS.2014.14.ANOQUA.F.A","field season","Anopheles quadrimaculatus","F",5,"Frozen -80C","OSBS.2014.14.ANOQUA.F.A.01",,"OSBS.2014.1.Anopheles quadrimaculatus.Female","NEON.DOC.014049vE",0
"3AB91624E00142F2949622B9D64D02DD","D03","OSBS",29.712968,-81.998583,"WGS84",1718.5,35.6,1.6,"2014-04-10","2014-04-11","OSBS.2014.14.AEDHEN.F.A","field season","Aedes hendersoni","F",2,"Frozen -80C","OSBS.2014.14.AEDHEN.F.A.01",,"OSBS.2014.1.Aedes hendersoni.Female","NEON.DOC.014049vE",0
"DEAAB5B315C5479D9CE04322319059AA","D03","OSBS",29.692232,-81.971922,"WGS84",4507.6,34.6,14.2,"2014-04-10","2014-04-11","OSBS.2014.14.CULMEL.F.A","field season","Culiseta melanura","F",625,"Frozen -80C","OSBS.2014.14.CULMEL.F.A.01",,"OSBS.2014.1.Culiseta melanura.Female","NEON.DOC.014049vE",0
"C27BDA41A59E451CB948CF70691D179D","D03","OSBS",29.695029,-81.974488,"WGS84",4335.3,34.1,14.7,"2014-04-10","2014-04-11","OSBS.2014.14.CULNIG.F.A","field season","Culex nigripalpus","F",224,"Frozen -80C","OSBS.2014.14.CULNIG.F.A.01",,"OSBS.2014.1.Culex nigripalpus.Female","NEON.DOC.014049vE",0
"01F025A1A8814D5BA05CA1B77D3E00BB","D03","OSBS",29.699019,-81.983592,"WGS84",3662.3,36.5,12.4,"2014-04-24","2014-04-25","OSBS.2014.16.ANOSPP1.F.A","field season","Anopheles sp.","F",433,"Frozen -80C","OSBS.2014.16.ANOSPP1.F.A.01",,"OSBS.2014.2.Anopheles spp.Female","NEON.DOC.014049vE",0
"33BE87DD33B64A1AB38E393A6A5E5C40","D03","OSBS",29.696580,-81.992260,"WGS84",4113.1,36.8,12.0,"2014-04-24","2014-04-25","OSBS.2014.16.AEDSPP.F.A","field season","Aedes sp.","F",46,"Frozen -80C","OSBS.2014.16.AEDSPP.F.A.01",,"OSBS.2014.2.Aedes spp.Female","NEON.DOC.014049vE",0
"F7B82C6F4B0F424BA7A4B01F40564F63","D03","OSBS",29.687035,-81.957378,"WGS84",1880.7,41.4,10.1,"2014-04-24","2014-04-25","OSBS.2014.16.AEDMIT.F.A","field season","Aedes mitchellae","F",3,"Frozen -80C","OSBS.2014.16.AEDMIT.F.A.01",,"OSBS.2014.2.Aedes mitchellae.Female","NEON.DOC.014049vE",0
"AE525820393A41B19B2C5E83E7C89E7C","D03","OSBS",29.697406,-81.996083,"WGS84",4072.3,36.5,12.4,"2014-04-24","2014-04-25","OSBS.2014.16.MANTIT.F.A","field season","Mansonia titillans","F",14,"Frozen -80C","OSBS.2014.16.MANTIT.F.A.01",,"OSBS.2014.2.Mansonia titillans.Female","NEON.DOC.014049vE",0
"CF6E0347491F48849AB65EDEEE1DBC25","D03","OSBS",29.700741,-82.009505,"WGS84",0.3,35.9,0.4,"2014-04-24","2014-04-25","OSBS.2014.16.AEDCAN2.F.A","field season","Aedes canadensis","F",4,"Frozen -80C","OSBS.2014.16.AEDCAN2.F.A.01",,"OSBS.2014.2.Aedes canadensis.Female","NEON.DOC.014049vE",0
"7D5D482525374E5C9417A8BA1724B1F7","D03","OSBS",29.703834,-81.954643,"WGS84",0.3,32.0,0.7,"2014-04-24","2014-04-25","OSBS.2014.16.ANOQUA.F.A","field season","Anopheles quadrimaculatus","F",1,"Frozen -80C","OSBS.2014.16.ANOQUA.F.A.01",,"OSBS.2014.2.Anopheles quadrimaculatus.Female","NEON.DOC.014049vE",0
"6F611D24090045AC9D2F9F90E9650D27","D03","OSBS",29.709372,-81.986611,"WGS84",4065.7,33.7,2.9,"2014-04-24","2014-04-25","OSBS.2014.16.AEDVEX.F.A","field season","Aedes vexans","F",6,"Frozen -80C","OSBS.2014.16.AEDVEX.F.A.01",,"OSBS.2014.2.Aedes vexans.Female","NEON.DOC.014049vE",0
"0099254741FB425C81581B5AADA9968A","D03","OSBS",29.704575,-81.986667,"WGS84",3724.5,33.9,2.6,"2014-04-24","2014-04-25","OSBS.2014.16.CULNIG.F.A","field season","Culex nigripalpus","F",8,"Frozen -80C","OSBS.2014.16.CULNIG.F.A.01",,"OSBS.2014.2.Culex nigripalpus.Female","NEON.DOC.014049vE",0
"4ACF1332CC7A41F9851295EA045D572F","D03","OSBS",29.697098,-81.981769,"WGS84",3738.7,37.4,11.5,"2014-04-24","2014-04-25","OSBS.2014.16.CULMEL.F.A","field season","Culiseta melanura","F",127,"Frozen -80C","OSBS.2014.16.CULMEL.F.A.01",,"OSBS.2014.2.Culiseta melanura.Female","NEON.DOC.014049vE",0
"7E635100387B41DDAFA4099C42CAB790","D03","OSBS",29.695390,-82.012235,"WGS84",1298.8,35.4,1.7,"2014-04-24","2014-04-25","OSBS.2014.16.PSOFER.F.A","field season","Psorophora ferox","F",10,"Frozen -80C","OSBS.2014.16.PSOFER.F.A.01",,"OSBS.2014.2.Psorophora ferox.Female","NEON.DOC.014049vE",0
"2708F174DDA243F9BD737F9C964E8392","D03","OSBS",29.698178,-81.992717,"WGS84",3644.2,35.9,12.9,"2014-04-24","2014-04-25","OSBS.2014.16.CULSPP3.F.A","field season","Culex sp.","F",22,"Frozen -80C","OSBS.2014.16.CULSPP3.F.A.01",,"OSBS.2014.2.Culex spp.Female","NEON.DOC.014049vE",0
"13AEDAB965174C1EAEB87A44F4E7085B","D03","OSBS",29.681650,-81.990075,"WGS84",2694.1,41.3,7.6,"2014-04-24","2014-04-25","OSBS.2014.16.COQPER.M.A","field season","Coquillettidia perturbans","M",3,"Frozen -80C","OSBS.2014.16.COQPER.M.A.01",,"OSBS.2014.2.Coquillettidia perturbans.Male","NEON.DOC.014049vE",0
"9A7BAA47AC9C4FD48DB7DD75B11D547C","D03","OSBS",29.716567,-81.986528,"WGS84",962.3,33.5,2.7,"2014-04-24","2014-04-25","OSBS.2014.16.AEDALB.F.A","field season","Aedes albopictus","F",3,"Frozen -80C","OSBS.2014.16.AEDALB.F.A.01",,"OSBS.2014.2.Aedes albopictus.Female","NEON.DOC.014049vE",0
"9FDF5F3E33924F3F8F4F0B80FA448508","D03","OSBS",29.696271,-81.984164,"WGS84",3489.5,37.2,11.7,"2014-04-24","2014-04-25","OSBS.2014.16.CULERR.F.A","field season","Culex erraticus","F",192,"Frozen -80C","OSBS.2014.16.CULERR.F.A.01",,"OSBS.2014.2.Culex erraticus.Female","NEON.DOC.014049vE",0
"402B7D214C564881B506BEA9FDACDC39","D03","OSBS",29.702658,-81.998086,"WGS84",4205.2,34.9,3.6,"2014-04-24","2014-04-25","OSBS.2014.16.AEDTRI1.F.A","field season","Aedes triseriatus","F",9,"Frozen -80C","OSBS.2014.16.AEDTRI1.F.A.01",,"OSBS.2014.2.Aedes triseriatus.Female","NEON.DOC.014049vE",0
"0CBD2C930AF54472A5550F75B174E7DC","D03","OSBS",29.694937,-81.981316,"WGS84",3699.1,37.5,11.3,"2014-04-24","2014-04-25","OSBS.2014.16.CULSAL.F.A","field season","Culex salinarius","F",25,"Frozen -80C","OSBS.2014.16.CULSAL.F.A.01",,"OSBS.2014.2.Culex salinarius.Female","NEON.DOC.014049vE",0
"E3C2F26ECB8845E6ABB49669346496C8","D03","OSBS",29.678604,-81.962459,"WGS84",0.6,48.1,0.8,"2014-04-24","2014-04-25","OSBS.2014.16.AEDFUL.F.A","field season","Aedes fulvus pallens","F",1,"Frozen -80C","OSBS.2014.16.AEDFUL.F.A.01",,"OSBS.2014.2.Aedes fulvus pallens.Female","NEON.DOC.014049vE",0
"258F2D5EC8674D7EB75D9CA3D3B532BA","D03","OSBS",29.700075,-82.000210,"WGS84",4359.8,36.9,12.0,"2014-04-24","2014-04-25","OSBS.2014.16.AEDINF.F.A","field season","Aedes infirmatus","F",30,"Frozen -80C","OSBS.2014.16.AEDINF.F.A.01",,"OSBS.2014.2.Aedes infirmatus.Female","NEON.DOC.014049vE",0
"F3B451480A3A4AEFADCA3F3F05A80398","D03","OSBS",29.700741,-82.009505,"WGS84",0.3,35.9,0.4,"2014-04-24","2014-04-25","OSBS.2014.16.AEDATL.F.A","field season","Aedes atlanticus","F",12,"Frozen -80C","OSBS.2014.16.AEDATL.F.A.01",,"OSBS.2014.2.Aedes atlanticus.Female","NEON.DOC.014049vE",0
"6677DDD7E25941EB8F84857D4D249CEF","D03","OSBS",29.684689,-82.017693,"WGS84",0.7,34.4,0.7,"2014-04-24","2014-04-25","OSBS.2014.16.MANSPP.F.A","field season","Mansonia sp.","F",1,"Frozen -80C","OSBS.2014.16.MANSPP.F.A.01",,"OSBS.2014.2.Mansonia spp.Female","NEON.DOC.014049vE",0
"B289E9AD4C60427BBCE0D3D8CC1BF47A","D03","OSBS",29.698235,-81.985860,"WGS84",3688.1,37.0,11.9,"2014-04-24","2014-04-25","OSBS.2014.16.ANOCRU.F.A","field season","Anopheles crucians","F",1098,"Frozen -80C","OSBS.2014.16.ANOCRU.F.A.01",,"OSBS.2014.2.Anopheles crucians.Female","NEON.DOC.014049vE",0
"2B971417FB3D453E8153025E53195F94","D03","OSBS",29.698235,-81.985860,"WGS84",3688.1,37.0,11.9,"2014-04-24","2014-04-25","OSBS.2014.16.COQPER.F.A","field season","Coquillettidia perturbans","F",74,"Frozen -80C","OSBS.2014.16.COQPER.F.A.01",,"OSBS.2014.2.Coquillettidia perturbans.Female","NEON.DOC.014049vE",0
"52B4AE8B6B904D05BB6F2FC8F4798BA0","D03","OSBS",29.694676,-81.975826,"WGS84",4200.1,34.4,14.5,"2014-05-07","2014-05-08","OSBS.2014.18.COQPER.F.A","field season","Coquillettidia perturbans","F",608,"Frozen -80C","OSBS.2014.18.COQPER.F.A.01",,"OSBS.2014.3.Coquillettidia perturbans.Female","NEON.DOC.014049vE",0
"DFFF490F9D754D21A8836570B848226C","D03","OSBS",29.694854,-81.972392,"WGS84",4526.3,34.3,14.5,"2014-05-07","2014-05-08","OSBS.2014.18.CULERR.F.A","field season","Culex erraticus","F",93,"Frozen -80C","OSBS.2014.18.CULERR.F.A.01",,"OSBS.2014.3.Culex erraticus.Female","NEON.DOC.014049vE",0
"86A852FBB22F4E738C23AA0FA8B278BF","D03","OSBS",29.685519,-81.939573,"WGS84",0.4,33.3,0.7,"2014-05-07","2014-05-08","OSBS.2014.18.ANOBAR.F.A","field season","Anopheles barberi","F",1,"Frozen -80C","OSBS.2014.18.ANOBAR.F.A.01",,"OSBS.2014.3.Anopheles barberi.Female","NEON.DOC.014049vE",0
"E6CA7D71C2F7498093D454AD564F8E00","D03","OSBS",29.694816,-81.975943,"WGS84",4193.3,34.4,14.5,"2014-05-07","2014-05-08","OSBS.2014.18.ANOCRU.F.A","field season","Anopheles crucians","F",1956,"Frozen -80C","OSBS.2014.18.ANOCRU.F.A.02",,"OSBS.2014.3.Anopheles crucians.Female","NEON.DOC.014049vE",0
"7489D00427274F3F8A5D5C60C579435A","D03","OSBS",29.705359,-81.963611,"WGS84",3201.2,34.3,2.2,"2014-05-07","2014-05-08","OSBS.2014.18.AEDTRI1.F.A","field season","Aedes triseriatus","F",8,"Frozen -80C","OSBS.2014.18.AEDTRI1.F.A.01",,"OSBS.2014.3.Aedes triseriatus.Female","NEON.DOC.014049vE",0
"919D25C0C555429893007757157ADF1D","D03","OSBS",29.699292,-82.002120,"WGS84",4101.8,34.0,9.6,"2014-05-07","2014-05-08","OSBS.2014.18.AEDSPP.F.A","field season","Aedes sp.","F",12,"Frozen -80C","OSBS.2014.18.AEDSPP.F.A.01",,"OSBS.2014.3.Aedes spp.Female","NEON.DOC.014049vE",0
"5B999911BFB543D691ABE5EAE36852DD","D03","OSBS",29.693951,-81.956268,"WGS84",3216.7,31.0,6.5,"2014-05-07","2014-05-08","OSBS.2014.18.ANOQUA.F.A","field season","Anopheles quadrimaculatus","F",8,"Frozen -80C","OSBS.2014.18.ANOQUA.F.A.01",,"OSBS.2014.3.Anopheles quadrimaculatus.Female","NEON.DOC.014049vE",0
"D76A084D44AE4F28992C12EE819F86FD","D03","OSBS",29.683062,-81.979581,"WGS84",3692.9,35.5,13.3,"2014-05-07","2014-05-08","OSBS.2014.18.CULNIG.F.A","field season","Culex nigripalpus","F",5,"Frozen -80C","OSBS.2014.18.CULNIG.F.A.01",,"OSBS.2014.3.Culex nigripalpus.Female","NEON.DOC.014049vE",0
"D60F44A62A6E44D98BAD04534A837B82","D03","OSBS",29.707312,-82.002406,"WGS84",2911.4,35.4,1.6,"2014-05-07","2014-05-08","OSBS.2014.18.PSOFER.F.A","field season","Psorophora ferox","F",11,"Frozen -80C","OSBS.2014.18.PSOFER.F.A.01",,"OSBS.2014.3.Psorophora ferox.Female","NEON.DOC.014049vE",0
"944CF90F635845DCA7BD35E59AE98709","D03","OSBS",29.684689,-82.017693,"WGS84",0.7,34.4,0.7,"2014-05-07","2014-05-08","OSBS.2014.18.AEDATL.F.A","field season","Aedes atlanticus","F",1,"Frozen -80C","OSBS.2014.18.AEDATL.F.A.01",,"OSBS.2014.3.Aedes atlanticus.Female","NEON.DOC.014049vE",0
"2E56F487D053444C81FE0D36772767B2","D03","OSBS",29.700741,-82.009505,"WGS84",0.3,35.9,0.4,"2014-05-07","2014-05-08","OSBS.2014.18.CULSPP3.M.A","field season","Culex sp.","M",1,"Frozen -80C","OSBS.2014.18.CULSPP3.M.A.01",,"OSBS.2014.3.Culex spp.Male","NEON.DOC.014049vE",0
"8BDD35D400B4440CAE3BDDC77702EC96","D03","OSBS",29.686410,-81.960374,"WGS84",182.2,24.3,0.3,"2014-05-07","2014-05-08","OSBS.2014.18.PSOCOL.F.A","field season","Psorophora columbiae","F",4,"Frozen -80C","OSBS.2014.18.PSOCOL.F.A.01",,"OSBS.2014.3.Psorophora columbiae.Female","NEON.DOC.014049vE",0
"6677E4C0744C4BA2A9BA0F3405EEE3E4","D03","OSBS",29.688815,-81.959463,"WGS84",1728.8,32.2,16.7,"2014-05-07","2014-05-08","OSBS.2014.18.AEDMIT.F.A","field season","Aedes mitchellae","F",4,"Frozen -80C","OSBS.2014.18.AEDMIT.F.A.01",,"OSBS.2014.3.Aedes mitchellae.Female","NEON.DOC.014049vE",0
"1C9A8D91C8524F4D8E380A22FA0ABE62","D03","OSBS",29.696978,-81.983817,"WGS84",3550.0,32.9,16.0,"2014-05-07","2014-05-08","OSBS.2014.18.MANTIT.F.A","field season","Mansonia titillans","F",24,"Frozen -80C","OSBS.2014.18.MANTIT.F.A.01",,"OSBS.2014.3.Mansonia titillans.Female","NEON.DOC.014049vE",0
"E312DFC270F24AA18C433A79B6418E18","D03","OSBS",29.694066,-81.970391,"WGS84",4694.0,34.5,14.4,"2014-05-07","2014-05-08","OSBS.2014.18.CULMEL.F.A","field season","Culiseta melanura","F",72,"Frozen -80C","OSBS.2014.18.CULMEL.F.A.01",,"OSBS.2014.3.Culiseta melanura.Female","NEON.DOC.014049vE",0
"23142D756BCD409785568BB9160DF22E","D03","OSBS",29.707941,-81.985398,"WGS84",0.2,31.7,0.9,"2014-05-07","2014-05-08","OSBS.2014.18.ANOSPP1.M.A","field season","Anopheles sp.","M",1,"Frozen -80C","OSBS.2014.18.ANOSPP1.M.A.01",,"OSBS.2014.3.Anopheles spp.Male","NEON.DOC.014049vE",0
"552A11D6F13A428D976261A152C69525","D03","OSBS",29.693437,-81.997286,"WGS84",4283.9,36.7,12.2,"2014-05-07","2014-05-08","OSBS.2014.18.AEDINF.F.A","field season","Aedes infirmatus","F",23,"Frozen -80C","OSBS.2014.18.AEDINF.F.A.01",,"OSBS.2014.3.Aedes infirmatus.Female","NEON.DOC.014049vE",0
"266B23C8FBFE4D178AECBAC01509013C","D03","OSBS",29.691337,-81.972479,"WGS84",3731.2,35.6,13.3,"2014-05-07","2014-05-08","OSBS.2014.18.CULSPP3.F.A","field season","Culex sp.","F",43,"Frozen -80C","OSBS.2014.18.CULSPP3.F.A.01",,"OSBS.2014.3.Culex spp.Female","NEON.DOC.014049vE",0
"03696140B7864DA1B601620D9C9570B4","D03","OSBS",29.678604,-81.962459,"WGS84",0.6,48.1,0.8,"2014-05-07","2014-05-08","OSBS.2014.18.AEDALB.F.A","field season","Aedes albopictus","F",1,"Frozen -80C","OSBS.2014.18.AEDALB.F.A.01",,"OSBS.2014.3.Aedes albopictus.Female","NEON.DOC.014049vE",0
"C65D82F0CE7F436EA2FA3C815EBC7882","D03","OSBS",29.693059,-81.972632,"WGS84",4458.3,34.5,14.4,"2014-05-07","2014-05-08","OSBS.2014.18.CULSAL.F.A","field season","Culex salinarius","F",37,"Frozen -80C","OSBS.2014.18.CULSAL.F.A.01",,"OSBS.2014.3.Culex salinarius.Female","NEON.DOC.014049vE",0
"F300AA08F7DF4957A0BAAD2166DA58B2","D03","OSBS",29.685884,-81.958591,"WGS84",0.1,24.1,0.1,"2014-05-07","2014-05-08","OSBS.2014.18.COQPER.M.A","field season","Coquillettidia perturbans","M",1,"Frozen -80C","OSBS.2014.18.COQPER.M.A.01",,"OSBS.2014.3.Coquillettidia perturbans.Male","NEON.DOC.014049vE",0
"CA5507784FB74DE484B9A71C97BB9D4D","D03","OSBS",29.711693,-81.997672,"WGS84",3565.3,35.0,1.3,"2014-05-07","2014-05-08","OSBS.2014.18.AEDVEX.F.A","field season","Aedes vexans","F",6,"Frozen -80C","OSBS.2014.18.AEDVEX.F.A.01",,"OSBS.2014.3.Aedes vexans.Female","NEON.DOC.014049vE",0
"F8C002B94DF145C3854457184972C47D","D03","OSBS",29.693387,-81.976291,"WGS84",4120.9,33.9,15.0,"2014-05-07","2014-05-08","OSBS.2014.18.ANOSPP1.F.A","field season","Anopheles sp.","F",558,"Frozen -80C","OSBS.2014.18.ANOSPP1.F.A.01",,"OSBS.2014.3.Anopheles spp.Female","NEON.DOC.014049vE",0
"4F181F0B69754205BE7FF38C9E3519AE","D03","OSBS",29.693013,-81.973757,"WGS84",4350.7,34.3,14.6,"2014-05-22","2014-05-23","OSBS.2014.20.ANOCRU.F.A","field season","Anopheles crucians","F",1899,"Frozen -80C","OSBS.2014.20.ANOCRU.F.A.01",,"OSBS.2014.4.Anopheles crucians.Female","NEON.DOC.014049vE",0
"44984D8CC1CD48BBB855FD5B8F01DD0A","D03","OSBS",29.692715,-82.013599,"WGS84",974.3,35.2,1.2,"2014-05-22","2014-05-23","OSBS.2014.20.AEDINF.F.A","field season","Aedes infirmatus","F",3,"Frozen -80C","OSBS.2014.20.AEDINF.F.A.01",,"OSBS.2014.4.Aedes infirmatus.Female","NEON.DOC.014049vE",0
"1B1BACA94B674F3D956F52B12840DA77","D03","OSBS",29.692701,-81.974460,"WGS84",4277.0,34.8,14.1,"2014-05-22","2014-05-23","OSBS.2014.20.ANOSPP1.F.A","field season","Anopheles sp.","F",521,"Frozen -80C","OSBS.2014.20.ANOSPP1.F.A.01",,"OSBS.2014.4.Anopheles spp.Female","NEON.DOC.014049vE",0
"3C9BA33DDD474CDF94B582BD4FF8FD44","D03","OSBS",29.694816,-81.975943,"WGS84",4193.3,34.4,14.5,"2014-05-22","2014-05-23","OSBS.2014.20.CULERR.F.A","field season","Culex erraticus","F",572,"Frozen -80C","OSBS.2014.20.CULERR.F.A.01",,"OSBS.2014.4.Culex erraticus.Female","NEON.DOC.014049vE",0
"BA30F0C6E484464BBE94DC0A233638CB","D03","OSBS",29.697897,-81.975125,"WGS84",4371.7,33.2,15.6,"2014-05-22","2014-05-23","OSBS.2014.20.CULSPP3.F.A","field season","Culex sp.","F",106,"Frozen -80C","OSBS.2014.20.CULSPP3.F.A.01",,"OSBS.2014.4.Culex spp.Female","NEON.DOC.014049vE",0
"29A948175DF24E72B7F89A59EA07D403","D03","OSBS",29.699537,-81.983516,"WGS84",4527.0,31.5,7.5,"2014-05-22","2014-05-23","OSBS.2014.20.CULSAL.F.A","field season","Culex salinarius","F",42,"Frozen -80C","OSBS.2014.20.CULSAL.F.A.01",,"OSBS.2014.4.Culex salinarius.Female","NEON.DOC.014049vE",0
"E5E455EA98034F3F8733B9777AA65742","D03","OSBS",29.686936,-81.962158,"WGS84",0.1,24.5,0.1,"2014-05-22","2014-05-23","OSBS.2014.20.AEDMIT.F.A","field season","Aedes mitchellae","F",2,"Frozen -80C","OSBS.2014.20.AEDMIT.F.A.01",,"OSBS.2014.4.Aedes mitchellae.Female","NEON.DOC.014049vE",0
"4CC73E172840453E8AF5E6117390464A","D03","OSBS",29.725193,-81.987658,"WGS84",0.9,35.3,1.2,"2014-05-22","2014-05-23","OSBS.2014.20.AEDALB.F.A","field season","Aedes albopictus","F",9,"Frozen -80C","OSBS.2014.20.AEDALB.F.A.01",,"OSBS.2014.4.Aedes albopictus.Female","NEON.DOC.014049vE",0
"EF9060EAB9934DFAB6E8FE6C5AFB39CA","D03","OSBS",29.725193,-81.987658,"WGS84",0.9,35.3,1.2,"2014-05-22","2014-05-23","OSBS.2014.20.AEDTRI1.F.A","field season","Aedes triseriatus","F",1,"Frozen -80C","OSBS.2014.20.AEDTRI1.F.A.01",,"OSBS.2014.4.Aedes triseriatus.Female","NEON.DOC.014049vE",0
"40A4A002632349BA8C91BBC49A2D461D","D03","OSBS",29.712968,-81.998583,"WGS84",1718.5,35.6,1.6,"2014-05-22","2014-05-23","OSBS.2014.20.AEDATL.F.A","field season","Aedes atlanticus","F",2,"Frozen -80C","OSBS.2014.20.AEDATL.F.A.01",,"OSBS.2014.4.Aedes atlanticus.Female","NEON.DOC.014049vE",0
"29559F6BA4DD43F99DBE99D6CB440C07","D03","OSBS",29.699332,-81.966912,"WGS84",3499.6,36.1,8.2,"2014-05-22","2014-05-23","OSBS.2014.20.AEDVEX.F.A","field season","Aedes vexans","F",4,"Frozen -80C","OSBS.2014.20.AEDVEX.F.A.01",,"OSBS.2014.4.Aedes vexans.Female","NEON.DOC.014049vE",0
"49DEDD80644B4C4C9F49EC78D21602A7","D03","OSBS",29.698463,-81.983596,"WGS84",4494.9,34.9,10.4,"2014-05-22","2014-05-23","OSBS.2014.20.CULMEL.F.A","field season","Culiseta melanura","F",17,"Frozen -80C","OSBS.2014.20.CULMEL.F.A.01",,"OSBS.2014.4.Culiseta melanura.Female","NEON.DOC.014049vE",0
"FD99DCD95E884D3087EED2903D760CD8","D03","OSBS",29.685519,-81.939573,"WGS84",0.4,33.3,0.7,"2014-05-22","2014-05-23","OSBS.2014.20.CULSPP3.M.A","field season","Culex sp.","M",1,"Frozen -80C","OSBS.2014.20.CULSPP3.M.A.01",,"OSBS.2014.4.Culex spp.Male","NEON.DOC.014049vE",0
"698E638DB7A0483EBA54A6DC4520EC8E","D03","OSBS",29.712968,-81.998583,"WGS84",1718.5,35.6,1.6,"2014-05-22","2014-05-23","OSBS.2014.20.PSOFER.F.A","field season","Psorophora ferox","F",3,"Frozen -80C","OSBS.2014.20.PSOFER.F.A.01",,"OSBS.2014.4.Psorophora ferox.Female","NEON.DOC.014049vE",0
"46D16A7D6666441492DFEE66484F8E7C","D03","OSBS",29.688405,-81.967628,"WGS84",2764.8,41.3,10.5,"2014-05-22","2014-05-23","OSBS.2014.20.PSOCIL.F.A","field season","Psorophora ciliata","F",3,"Frozen -80C","OSBS.2014.20.PSOCIL.F.A.01",,"OSBS.2014.4.Psorophora ciliata.Female","NEON.DOC.014049vE",0
"812698982E724F67B22A3C0CC2D5BC48","D03","OSBS",29.700357,-81.993267,"WGS84",3834.1,35.7,13.2,"2014-05-22","2014-05-23","OSBS.2014.20.AEDSPP.F.A","field season","Aedes sp.","F",18,"Frozen -80C","OSBS.2014.20.AEDSPP.F.A.01",,"OSBS.2014.4.Aedes spp.Female","NEON.DOC.014049vE",0
"2D97673C3748418B87E718B6D537AC88","D03","OSBS",29.716853,-81.991576,"WGS84",2489.5,34.7,3.9,"2014-05-22","2014-05-23","OSBS.2014.20.MANTIT.F.A","field season","Mansonia titillans","F",6,"Frozen -80C","OSBS.2014.20.MANTIT.F.A.01",,"OSBS.2014.4.Mansonia titillans.Female","NEON.DOC.014049vE",0
"72A1B637AB1643499536BD4C161EA51A","D03","OSBS",29.695042,-81.974979,"WGS84",4289.9,34.3,14.6,"2014-05-22","2014-05-23","OSBS.2014.20.COQPER.F.A","field season","Coquillettidia perturbans","F",678,"Frozen -80C","OSBS.2014.20.COQPER.F.A.01",,"OSBS.2014.4.Coquillettidia perturbans.Female","NEON.DOC.014049vE",0
"26C73B610A54467AA83165327F1FA7C2","D03","OSBS",29.692474,-81.982416,"WGS84",3662.0,37.1,12.6,"2014-05-22","2014-05-23","OSBS.2014.20.CULNIG.F.A","field season","Culex nigripalpus","F",9,"Frozen -80C","OSBS.2014.20.CULNIG.F.A.01",,"OSBS.2014.4.Culex nigripalpus.Female","NEON.DOC.014049vE",0
"5AA810B4437F4E79BC3755F899C281D0","D03","OSBS",29.690190,-81.948095,"WGS84",1639.7,30.7,6.7,"2014-05-22","2014-05-23","OSBS.2014.20.ANOQUA.F.A","field season","Anopheles quadrimaculatus","F",8,"Frozen -80C","OSBS.2014.20.ANOQUA.F.A.01",,"OSBS.2014.4.Anopheles quadrimaculatus.Female","NEON.DOC.014049vE",0
"D5513C542DCE47EA95A4F91AFDEB96D6","D03","OSBS",29.700741,-82.009505,"WGS84",0.3,35.9,0.4,"2014-05-22","2014-05-23","OSBS.2014.20.AEDFUL.F.A","field season","Aedes fulvus pallens","F",1,"Frozen -80C","OSBS.2014.20.AEDFUL.F.A.01",,"OSBS.2014.4.Aedes fulvus pallens.Female","NEON.DOC.014049vE",0
"6734877B95DF4D538C2B0AD6650D0D6A","D03","OSBS",29.682770,-81.962309,"WGS84",462.0,36.3,12.6,"2014-05-22","2014-05-23","OSBS.2014.20.PSOCOL.F.A","field season","Psorophora columbiae","F",3,"Frozen -80C","OSBS.2014.20.PSOCOL.F.A.01",,"OSBS.2014.4.Psorophora columbiae.Female","NEON.DOC.014049vE",0
"5CD2E8CF439541EF9EEF3F266C7F0D49","D03","OSBS",29.704942,-82.002678,"WGS84",2674.1,34.8,1.7,"2014-06-03","2014-06-05","OSBS.2014.22.AEDTRI1.F.A","field season","Aedes triseriatus","F",2,"Frozen -80C","OSBS.2014.22.AEDTRI1.F.A.01",,"OSBS.2014.5.Aedes triseriatus.Female","NEON.DOC.014049vE",0
"AF99E041DA914430BC6D58762372CB91","D03","OSBS",29.692983,-81.972729,"WGS84",4447.4,34.7,14.1,"2014-06-03","2014-06-05","OSBS.2014.22.ANOSPP1.F.A","field season","Anopheles sp.","F",724,"Frozen -80C","OSBS.2014.22.ANOSPP1.F.A.01",,"OSBS.2014.5.Anopheles spp.Female","NEON.DOC.014049vE",0
"96C5321A799347C58469C61B033113C1","D03","OSBS",29.695557,-81.970572,"WGS84",4716.3,34.1,14.8,"2014-06-03","2014-06-05","OSBS.2014.22.CULERR.F.A","field season","Culex erraticus","F",642,"Frozen -80C","OSBS.2014.22.CULERR.F.A.01",,"OSBS.2014.5.Culex erraticus.Female","NEON.DOC.014049vE",0
"D86EF0AE02EB4DEBAD0E03529EDB430D","D03","OSBS",29.725193,-81.987658,"WGS84",0.9,35.3,1.2,"2014-06-03","2014-06-05","OSBS.2014.22.CULCOR.F.A","field season","Culex coronator","F",1,"Frozen -80C","OSBS.2014.22.CULCOR.F.A.01",,"OSBS.2014.5.Culex coronator.Female","NEON.DOC.014049vE",0
"E1CF67914BC3410D9181ED0E0DD4D901","D03","OSBS",29.685884,-81.958591,"WGS84",0.1,24.1,0.1,"2014-06-03","2014-06-05","OSBS.2014.22.PSOCOL.F.A","field season","Psorophora columbiae","F",3,"Frozen -80C","OSBS.2014.22.PSOCOL.F.A.01",,"OSBS.2014.5.Psorophora columbiae.Female","NEON.DOC.014049vE",0
"C6C1650C8DC44A538BCC4D40B6657F27","D03","OSBS",29.686936,-81.962158,"WGS84",0.1,24.5,0.1,"2014-06-03","2014-06-05","OSBS.2014.22.CULQUI.F.A","field season","Culex quinquefasciatus","F",1,"Frozen -80C","OSBS.2014.22.CULQUI.F.A.01",,"OSBS.2014.5.Culex quinquefasciatus.Female","NEON.DOC.014049vE",0
"D1035FF57F484AE39DCEF1FF9C9A659A","D03","OSBS",29.684689,-82.017693,"WGS84",0.7,34.4,0.7,"2014-06-03","2014-06-05","OSBS.2014.22.AEDATL.F.A","field season","Aedes atlanticus","F",1,"Frozen -80C","OSBS.2014.22.AEDATL.F.A.01",,"OSBS.2014.5.Aedes atlanticus.Female","NEON.DOC.014049vE",0
"0FCD6C7D20E24D3284101FB572250CFE","D03","OSBS",29.696065,-81.973106,"WGS84",4495.1,33.5,15.4,"2014-06-03","2014-06-05","OSBS.2014.22.CULSAL.F.A","field season","Culex salinarius","F",25,"Frozen -80C","OSBS.2014.22.CULSAL.F.A.01",,"OSBS.2014.5.Culex salinarius.Female","NEON.DOC.014049vE",0
"D4D0BCDFBCA44841A2D692AD0A238920","D03","OSBS",29.692632,-81.970583,"WGS84",4643.1,34.4,14.5,"2014-06-03","2014-06-05","OSBS.2014.22.CULSPP3.F.A","field season","Culex sp.","F",145,"Frozen -80C","OSBS.2014.22.CULSPP3.F.A.01",,"OSBS.2014.5.Culex spp.Female","NEON.DOC.014049vE",0
"B72091ED17B248F7A188100FF0CACD91","D03","OSBS",29.686936,-81.962158,"WGS84",0.1,24.5,0.1,"2014-06-03","2014-06-05","OSBS.2014.22.COQPER.M.A","field season","Coquillettidia perturbans","M",1,"Frozen -80C","OSBS.2014.22.COQPER.M.A.01",,"OSBS.2014.5.Coquillettidia perturbans.Male","NEON.DOC.014049vE",0
"E956930C80C74BD1B10C5D96CE508666","D03","OSBS",29.700741,-82.009505,"WGS84",0.3,35.9,0.4,"2014-06-03","2014-06-05","OSBS.2014.22.CULMEL.F.A","field season","Culiseta melanura","F",1,"Frozen -80C","OSBS.2014.22.CULMEL.F.A.01",,"OSBS.2014.5.Culiseta melanura.Female","NEON.DOC.014049vE",0
"0BC723BAD3A64691A6858DA8A8199F7E","D03","OSBS",29.686936,-81.962158,"WGS84",0.1,24.5,0.1,"2014-06-03","2014-06-05","OSBS.2014.22.AEDMIT.F.A","field season","Aedes mitchellae","F",1,"Frozen -80C","OSBS.2014.22.AEDMIT.F.A.01",,"OSBS.2014.5.Aedes mitchellae.Female","NEON.DOC.014049vE",0
"3AA97C9B795E4547A8D6F5C84891E8A5","D03","OSBS",29.700741,-82.009505,"WGS84",0.3,35.9,0.4,"2014-06-03","2014-06-05","OSBS.2014.22.AEDSPP.F.A","field season","Aedes sp.","F",4,"Frozen -80C","OSBS.2014.22.AEDSPP.F.A.01",,"OSBS.2014.5.Aedes spp.Female","NEON.DOC.014049vE",0
"08D68F92A1A645308A2D52E49298A58B","D03","OSBS",29.694981,-81.991728,"WGS84",3984.7,36.6,12.2,"2014-06-03","2014-06-05","OSBS.2014.22.MANTIT.F.A","field season","Mansonia titillans","F",16,"Frozen -80C","OSBS.2014.22.MANTIT.F.A.01",,"OSBS.2014.5.Mansonia titillans.Female","NEON.DOC.014049vE",0
"84150363A2794090BE63F0FB6062E91B","D03","OSBS",29.694124,-81.972764,"WGS84",4471.8,34.3,14.6,"2014-06-03","2014-06-05","OSBS.2014.22.COQPER.F.A","field season","Coquillettidia perturbans","F",682,"Frozen -80C","OSBS.2014.22.COQPER.F.A.01",,"OSBS.2014.5.Coquillettidia perturbans.Female","NEON.DOC.014049vE",0
"9CBCB90EFE644DD494AC9DD8C1A64B19","D03","OSBS",29.684689,-82.017693,"WGS84",0.7,34.4,0.7,"2014-06-03","2014-06-05","OSBS.2014.22.PSOFER.F.A","field season","Psorophora ferox","F",1,"Frozen -80C","OSBS.2014.22.PSOFER.F.A.01",,"OSBS.2014.5.Psorophora ferox.Female","NEON.DOC.014049vE",0
"7D23958BC356404E8C4AFA1122FD6FCD","D03","OSBS",29.725193,-81.987658,"WGS84",0.9,35.3,1.2,"2014-06-03","2014-06-05","OSBS.2014.22.AEDALB.F.A","field season","Aedes albopictus","F",1,"Frozen -80C","OSBS.2014.22.AEDALB.F.A.01",,"OSBS.2014.5.Aedes albopictus.Female","NEON.DOC.014049vE",0
"F36FF00961C24B07BCEE77490D17BA6B","D03","OSBS",29.693438,-81.971363,"WGS84",4587.1,34.3,14.6,"2014-06-03","2014-06-05","OSBS.2014.22.ANOCRU.F.A","field season","Anopheles crucians","F",982,"Frozen -80C","OSBS.2014.22.ANOCRU.F.A.01",,"OSBS.2014.5.Anopheles crucians.Female","NEON.DOC.014049vE",0
"79C71E68936F4AE0A5103464205686B4","D03","OSBS",29.685702,-81.949082,"WGS84",920.8,28.7,4.7,"2014-06-03","2014-06-05","OSBS.2014.22.ANOQUA.F.A","field season","Anopheles quadrimaculatus","F",2,"Frozen -80C","OSBS.2014.22.ANOQUA.F.A.01",,"OSBS.2014.5.Anopheles quadrimaculatus.Female","NEON.DOC.014049vE",0
"70928D43D1FF4BC6928AF231540D2A97","D03","OSBS",29.696933,-81.968279,"WGS84",3650.8,34.6,10.2,"2014-06-03","2014-06-05","OSBS.2014.22.CULNIG.F.A","field season","Culex nigripalpus","F",4,"Frozen -80C","OSBS.2014.22.CULNIG.F.A.01",,"OSBS.2014.5.Culex nigripalpus.Female","NEON.DOC.014049vE",0
"68A3B56CB91546178366906C506E1D90","D03","OSBS",29.692222,-81.976891,"WGS84",4035.9,34.2,14.7,"2014-06-17","2014-06-19","OSBS.2014.24.ANOCRU.F.A","field season","Anopheles crucians","F",815,"Frozen -80C","OSBS.2014.24.ANOCRU.F.A.01",,"OSBS.2014.6.Anopheles crucians.Female","NEON.DOC.014049vE",0
"178C0ECA24F04DCFA3FB1E2EE619C22F","D03","OSBS",29.697434,-81.983962,"WGS84",4493.6,35.2,13.6,"2014-06-17","2014-06-19","OSBS.2014.24.CULNIG.F.A","field season","Culex nigripalpus","F",14,"Frozen -80C","OSBS.2014.24.CULNIG.F.A.01",,"OSBS.2014.6.Culex nigripalpus.Female","NEON.DOC.014049vE",0
"C0BC4DAB7ED24518AE63F55698607FB0","D03","OSBS",29.725193,-81.987658,"WGS84",0.9,35.3,1.2,"2014-06-17","2014-06-19","OSBS.2014.24.AEDALB.F.A","field season","Aedes albopictus","F",2,"Frozen -80C","OSBS.2014.24.AEDALB.F.A.01",,"OSBS.2014.6.Aedes albopictus.Female","NEON.DOC.014049vE",0
"E1F2CCEFBF104594B44E7110847C1B57","D03","OSBS",29.695817,-81.987668,"WGS84",4791.7,33.9,15.0,"2014-06-17","2014-06-19","OSBS.2014.24.MANTIT.F.A","field season","Mansonia titillans","F",42,"Frozen -80C","OSBS.2014.24.MANTIT.F.A.01",,"OSBS.2014.6.Mansonia titillans.Female","NEON.DOC.014049vE",0
"A083377187FD4BA194BD11E574E99C3D","D03","OSBS",29.685884,-81.958591,"WGS84",0.1,24.1,0.1,"2014-06-17","2014-06-19","OSBS.2014.24.PSOCOL.F.A","field season","Psorophora columbiae","F",3,"Frozen -80C","OSBS.2014.24.PSOCOL.F.A.01",,"OSBS.2014.6.Psorophora columbiae.Female","NEON.DOC.014049vE",0
"49CFADE797E34D5BBDA8AEDF215724BC","D03","OSBS",29.703834,-81.954643,"WGS84",0.3,32.0,0.7,"2014-06-17","2014-06-19","OSBS.2014.24.PSOCIL.F.A","field season","Psorophora ciliata","F",1,"Frozen -80C","OSBS.2014.24.PSOCIL.F.A.01",,"OSBS.2014.6.Psorophora ciliata.Female","NEON.DOC.014049vE",0
"07DE178C96354789B06B2FAF3967066D","D03","OSBS",29.695074,-81.977402,"WGS84",4065.4,34.5,14.4,"2014-06-17","2014-06-19","OSBS.2014.24.COQPER.F.A","field season","Coquillettidia perturbans","F",920,"Frozen -80C","OSBS.2014.24.COQPER.F.A.01",,"OSBS.2014.6.Coquillettidia perturbans.Female","NEON.DOC.014049vE",0
"BD08F27E05B64D4E86907575A508D18F","D03","OSBS",29.708892,-82.002224,"WGS84",2291.8,35.7,1.7,"2014-06-17","2014-06-19","OSBS.2014.24.AEDATL.F.A","field season","Aedes atlanticus","F",5,"Frozen -80C","OSBS.2014.24.AEDATL.F.A.01",,"OSBS.2014.6.Aedes atlanticus.Female","NEON.DOC.014049vE",0
"7950E746558745D581F6412DB9E0BCF3","D03","OSBS",29.696316,-82.001547,"WGS84",2025.2,33.1,2.2,"2014-06-17","2014-06-19","OSBS.2014.24.COQPER.M.A","field season","Coquillettidia perturbans","M",3,"Frozen -80C","OSBS.2014.24.COQPER.M.A.01",,"OSBS.2014.6.Coquillettidia perturbans.Male","NEON.DOC.014049vE",0
"22FA834769C1472B8739635BE43441D3","D03","OSBS",29.695390,-82.012235,"WGS84",1298.8,35.4,1.7,"2014-06-17","2014-06-19","OSBS.2014.24.PSOFER.F.A","field season","Psorophora ferox","F",3,"Frozen -80C","OSBS.2014.24.PSOFER.F.A.01",,"OSBS.2014.6.Psorophora ferox.Female","NEON.DOC.014049vE",0
"B353F83E02EF4E7FA3D1E682E7E69B36","D03","OSBS",29.695390,-82.012235,"WGS84",1298.8,35.4,1.7,"2014-06-17","2014-06-19","OSBS.2014.24.AEDINF.F.A","field season","Aedes infirmatus","F",13,"Frozen -80C","OSBS.2014.24.AEDINF.F.A.01",,"OSBS.2014.6.Aedes infirmatus.Female","NEON.DOC.014049vE",0
"AC0D071CCE5749DF9381C41E9E01B949","D03","OSBS",29.691225,-81.981692,"WGS84",4124.6,33.2,15.7,"2014-06-17","2014-06-19","OSBS.2014.24.CULSAL.F.A","field season","Culex salinarius","F",18,"Frozen -80C","OSBS.2014.24.CULSAL.F.A.01",,"OSBS.2014.6.Culex salinarius.Female","NEON.DOC.014049vE",0
"2DD263DD54C74D4F820B59602791A0F8","D03","OSBS",29.693182,-81.972736,"WGS84",4451.2,33.6,15.3,"2014-06-17","2014-06-19","OSBS.2014.24.CULERR.F.A","field season","Culex erraticus","F",1603,"Frozen -80C","OSBS.2014.24.CULERR.F.A.01",,"OSBS.2014.6.Culex erraticus.Female","NEON.DOC.014049vE",0
"07453BE8254D4C529B1EE357E639BA32","D03","OSBS",29.725193,-81.987658,"WGS84",0.9,35.3,1.2,"2014-06-17","2014-06-19","OSBS.2014.24.AEDTRI1.F.A","field season","Aedes triseriatus","F",1,"Frozen -80C","OSBS.2014.24.AEDTRI1.F.A.01",,"OSBS.2014.6.Aedes triseriatus.Female","NEON.DOC.014049vE",0
"9951164185374D0EADFAE42F768A334D","D03","OSBS",29.725193,-81.987658,"WGS84",0.9,35.3,1.2,"2014-06-17","2014-06-19","OSBS.2014.24.MANSPP.F.A","field season","Mansonia sp.","F",1,"Frozen -80C","OSBS.2014.24.MANSPP.F.A.01",,"OSBS.2014.6.Mansonia spp.Female","NEON.DOC.014049vE",0
"44E85553D22B487998F016CF40210468","D03","OSBS",29.698464,-81.998149,"WGS84",4713.8,36.9,7.4,"2014-06-17","2014-06-19","OSBS.2014.24.AEDSPP.F.A","field season","Aedes sp.","F",20,"Frozen -80C","OSBS.2014.24.AEDSPP.F.A.01",,"OSBS.2014.6.Aedes spp.Female","NEON.DOC.014049vE",0
"AA3D7DE6463F4106A7A242BA64D99511","D03","OSBS",29.695947,-81.978272,"WGS84",4013.8,34.9,10.9,"2014-06-17","2014-06-19","OSBS.2014.24.CULSPP3.F.A","field season","Culex sp.","F",75,"Frozen -80C","OSBS.2014.24.CULSPP3.F.A.01",,"OSBS.2014.6.Culex spp.Female","NEON.DOC.014049vE",0
"AA89853E604D4FD3AACE449404DF4B99","D03","OSBS",29.694376,-81.978425,"WGS84",3948.9,34.8,14.1,"2014-06-17","2014-06-19","OSBS.2014.24.ANOSPP1.F.A","field season","Anopheles sp.","F",118,"Frozen -80C","OSBS.2014.24.ANOSPP1.F.A.01",,"OSBS.2014.6.Anopheles spp.Female","NEON.DOC.014049vE",0
"3FCCB557ED0B4049A7CF4A9F792E4A09","D03","OSBS",29.697886,-81.978586,"WGS84",3151.6,35.0,10.5,"2014-06-17","2014-06-19","OSBS.2014.24.CULMEL.F.A","field season","Culiseta melanura","F",4,"Frozen -80C","OSBS.2014.24.CULMEL.F.A.01",,"OSBS.2014.6.Culiseta melanura.Female","NEON.DOC.014049vE",0
"DFB1C6C6B089421FB4F10827E0E46720","D03","OSBS",29.684689,-82.017693,"WGS84",0.7,34.4,0.7,"2014-07-01","2014-07-03","OSBS.2014.26.COQPER.M.A","field season","Coquillettidia perturbans","M",1,"Frozen -80C","OSBS.2014.26.COQPER.M.A.01",,"OSBS.2014.7.Coquillettidia perturbans.Male","NEON.DOC.014049vE",0
"2AA1FCB21FBE4732A1FAE1262BF32303","D03","OSBS",29.684327,-81.960450,"WGS84",663.9,30.2,18.7,"2014-07-01","2014-07-03","OSBS.2014.26.PSOCOL.F.A","field season","Psorophora columbiae","F",13,"Frozen -80C","OSBS.2014.26.PSOCOL.F.A.01",,"OSBS.2014.7.Psorophora columbiae.Female","NEON.DOC.014049vE",0
"923817233A8848A7A27C1A9C174D82BF","D03","OSBS",29.693135,-81.974536,"WGS84",3487.0,34.6,1.8,"2014-07-01","2014-07-03","OSBS.2014.26.AEDTAE.F.A","field season","Aedes taeniorhynchus","F",2,"Frozen -80C","OSBS.2014.26.AEDTAE.F.A.01",,"OSBS.2014.7.Aedes taeniorhynchus.Female","NEON.DOC.014049vE",0
"D4A11532716B4C51B8100A32AF815B3D","D03","OSBS",29.725193,-81.987658,"WGS84",0.9,35.3,1.2,"2014-07-01","2014-07-03","OSBS.2014.26.AEDALB.F.A","field season","Aedes albopictus","F",1,"Frozen -80C","OSBS.2014.26.AEDALB.F.A.01",,"OSBS.2014.7.Aedes albopictus.Female","NEON.DOC.014049vE",0
"779493A0316C41E494C08607EA8D4869","D03","OSBS",29.693979,-81.980539,"WGS84",4073.5,31.6,7.5,"2014-07-01","2014-07-03","OSBS.2014.26.CULSPP3.F.A","field season","Culex sp.","F",31,"Frozen -80C","OSBS.2014.26.CULSPP3.F.A.01",,"OSBS.2014.7.Culex spp.Female","NEON.DOC.014049vE",0
"22EA31A277CA4841A8189E8F0947E04A","D03","OSBS",29.708892,-82.002224,"WGS84",2291.8,35.7,1.7,"2014-07-01","2014-07-03","OSBS.2014.26.AEDSPP.F.A","field season","Aedes sp.","F",8,"Frozen -80C","OSBS.2014.26.AEDSPP.F.A.01",,"OSBS.2014.7.Aedes spp.Female","NEON.DOC.014049vE",0
"CD884E6431B4421289F0635CA5BCAFA2","D03","OSBS",29.692534,-81.972289,"WGS84",4479.1,33.4,15.5,"2014-07-01","2014-07-03","OSBS.2014.26.CULERR.F.A","field season","Culex erraticus","F",1798,"Frozen -80C","OSBS.2014.26.CULERR.F.A.02",,"OSBS.2014.7.Culex erraticus.Female","NEON.DOC.014049vE",0
"0D9A00889EEF4D55867C5435BD3EC38D","D03","OSBS",29.690112,-81.968273,"WGS84",4820.2,33.7,15.2,"2014-07-01","2014-07-03","OSBS.2014.26.ANOSPP1.F.A","field season","Anopheles sp.","F",259,"Frozen -80C","OSBS.2014.26.ANOSPP1.F.A.01",,"OSBS.2014.7.Anopheles spp.Female","NEON.DOC.014049vE",0
"8CF67057C1B749E39166B624C022ADB7","D03","OSBS",29.691209,-81.973538,"WGS84",4333.7,34.4,14.5,"2014-07-01","2014-07-03","OSBS.2014.26.COQPER.F.A","field season","Coquillettidia perturbans","F",1452,"Frozen -80C","OSBS.2014.26.COQPER.F.A.02",,"OSBS.2014.7.Coquillettidia perturbans.Female","NEON.DOC.014049vE",0
"0F9D019A98B84390928E4C1CE484169B","D03","OSBS",29.697476,-81.998733,"WGS84",5875.8,35.0,2.4,"2014-07-01","2014-07-03","OSBS.2014.26.CULNIG.F.A","field season","Culex nigripalpus","F",7,"Frozen -80C","OSBS.2014.26.CULNIG.F.A.01",,"OSBS.2014.7.Culex nigripalpus.Female","NEON.DOC.014049vE",0
"01B6EE9DA19B4010B47371D7B1413BCE","D03","OSBS",29.691222,-81.976225,"WGS84",4077.9,33.6,15.3,"2014-07-01","2014-07-03","OSBS.2014.26.ANOCRU.F.A","field season","Anopheles crucians","F",724,"Frozen -80C","OSBS.2014.26.ANOCRU.F.A.01",,"OSBS.2014.7.Anopheles crucians.Female","NEON.DOC.014049vE",0
"2E905D50F8514788AFA2F589DE15D6F1","D03","OSBS",29.700741,-82.009505,"WGS84",0.3,35.9,0.4,"2014-07-01","2014-07-03","OSBS.2014.26.AEDFUL.F.A","field season","Aedes fulvus pallens","F",1,"Frozen -80C","OSBS.2014.26.AEDFUL.F.A.01",,"OSBS.2014.7.Aedes fulvus pallens.Female","NEON.DOC.014049vE",0
"D4EE6D3252D34CA4B5E3EEF9891570C4","D03","OSBS",29.696019,-81.985855,"WGS84",3548.9,33.8,10.5,"2014-07-01","2014-07-03","OSBS.2014.26.MANTIT.F.A","field season","Mansonia titillans","F",34,"Frozen -80C","OSBS.2014.26.MANTIT.F.A.01",,"OSBS.2014.7.Mansonia titillans.Female","NEON.DOC.014049vE",0
"AE53A94BD5F741508C94C89FE9D5C86F","D03","OSBS",29.690791,-81.996452,"WGS84",3345.7,31.6,7.2,"2014-07-01","2014-07-03","OSBS.2014.26.CULSAL.F.A","field season","Culex salinarius","F",9,"Frozen -80C","OSBS.2014.26.CULSAL.F.A.01",,"OSBS.2014.7.Culex salinarius.Female","NEON.DOC.014049vE",0
"3337C478C2584F3AB8439995BC2049A8","D03","OSBS",29.700741,-82.009505,"WGS84",0.3,35.9,0.4,"2014-07-01","2014-07-03","OSBS.2014.26.AEDATL.F.A","field season","Aedes atlanticus","F",1,"Frozen -80C","OSBS.2014.26.AEDATL.F.A.01",,"OSBS.2014.7.Aedes atlanticus.Female","NEON.DOC.014049vE",0
"3E6C4871CE9C4482BF9149A6B488DB42","D03","OSBS",29.690791,-81.996452,"WGS84",3345.7,31.6,7.2,"2014-07-01","2014-07-03","OSBS.2014.26.CULMEL.F.A","field season","Culiseta melanura","F",3,"Frozen -80C","OSBS.2014.26.CULMEL.F.A.01",,"OSBS.2014.7.Culiseta melanura.Female","NEON.DOC.014049vE",0
"E13497F381FD4728BCB7C9D24B7864AB","D03","OSBS",29.700741,-82.009505,"WGS84",0.3,35.9,0.4,"2014-07-01","2014-07-03","OSBS.2014.26.AEDINF.F.A","field season","Aedes infirmatus","F",2,"Frozen -80C","OSBS.2014.26.AEDINF.F.A.01",,"OSBS.2014.7.Aedes infirmatus.Female","NEON.DOC.014049vE",0
"E8E6B286BC614A638D6BA4A2DB643E14","D03","OSBS",29.692871,-81.972554,"WGS84",4461.4,34.9,14.0,"2014-07-16","2014-07-17","OSBS.2014.28.CULERR.F.A","field season","Culex erraticus","F",2873,"Frozen -80C","OSBS.2014.28.CULERR.F.A.01",,"OSBS.2014.8.Culex erraticus.Female","NEON.DOC.014049vE",0
"3A955499174B4B7E8893CC279AC4052B","D03","OSBS",29.707941,-81.985398,"WGS84",0.2,31.7,0.9,"2014-07-16","2014-07-17","OSBS.2014.28.COQPER.M.A","field season","Coquillettidia perturbans","M",1,"Frozen -80C","OSBS.2014.28.COQPER.M.A.01",,"OSBS.2014.8.Coquillettidia perturbans.Male","NEON.DOC.014049vE",0
"1BEA2F477FC24F0890DE08EB73932CC5","D03","OSBS",29.709279,-81.990740,"WGS84",4364.2,37.6,11.2,"2014-07-16","2014-07-17","OSBS.2014.28.AEDINF.F.A","field season","Aedes infirmatus","F",14,"Frozen -80C","OSBS.2014.28.AEDINF.F.A.01",,"OSBS.2014.8.Aedes infirmatus.Female","NEON.DOC.014049vE",0
"5942D1DB8EE64B5FB44B6C0878EF9765","D03","OSBS",29.692534,-81.972600,"WGS84",4449.5,35.4,13.4,"2014-07-16","2014-07-17","OSBS.2014.28.COQPER.F.A","field season","Coquillettidia perturbans","F",749,"Frozen -80C","OSBS.2014.28.COQPER.F.A.01",,"OSBS.2014.8.Coquillettidia perturbans.Female","NEON.DOC.014049vE",0
"A75567DF1717466982802966200C5FBB","D03","OSBS",29.693333,-81.976497,"WGS84",4100.2,35.6,13.3,"2014-07-16","2014-07-17","OSBS.2014.28.CULNIG.F.A","field season","Culex nigripalpus","F",51,"Frozen -80C","OSBS.2014.28.CULNIG.F.A.01",,"OSBS.2014.8.Culex nigripalpus.Female","NEON.DOC.014049vE",0
"799EDAAE18F14306800032E9F2ACE730","D03","OSBS",29.683829,-81.958593,"WGS84",668.1,30.9,13.4,"2014-07-16","2014-07-17","OSBS.2014.28.PSOCIL.F.A","field season","Psorophora ciliata","F",3,"Frozen -80C","OSBS.2014.28.PSOCIL.F.A.01",,"OSBS.2014.8.Psorophora ciliata.Female","NEON.DOC.014049vE",0
"30B4B742FA6345C5B254BC94D46345AB","D03","OSBS",29.691149,-81.974882,"WGS84",4204.4,35.0,13.9,"2014-07-16","2014-07-17","OSBS.2014.28.ANOCRU.F.A","field season","Anopheles crucians","F",181,"Frozen -80C","OSBS.2014.28.ANOCRU.F.A.01",,"OSBS.2014.8.Anopheles crucians.Female","NEON.DOC.014049vE",0
"A75887DAFD0E465C9CBCA47BFCA6B1F7","D03","OSBS",29.703892,-82.004385,"WGS84",2862.8,35.1,1.3,"2014-07-16","2014-07-17","OSBS.2014.28.PSOFER.F.A","field season","Psorophora ferox","F",22,"Frozen -80C","OSBS.2014.28.PSOFER.F.A.01",,"OSBS.2014.8.Psorophora ferox.Female","NEON.DOC.014049vE",0
"285793091642437193110AAF889ADCB3","D03","OSBS",29.690860,-81.962978,"WGS84",4492.7,34.4,10.3,"2014-07-16","2014-07-17","OSBS.2014.28.PSOCOL.F.A","field season","Psorophora columbiae","F",8,"Frozen -80C","OSBS.2014.28.PSOCOL.F.A.01",,"OSBS.2014.8.Psorophora columbiae.Female","NEON.DOC.014049vE",0
"E55C96545C46400BB32586616426F745","D03","OSBS",29.694930,-81.979105,"WGS84",3903.0,34.8,14.1,"2014-07-16","2014-07-17","OSBS.2014.28.MANTIT.F.A","field season","Mansonia titillans","F",31,"Frozen -80C","OSBS.2014.28.MANTIT.F.A.01",,"OSBS.2014.8.Mansonia titillans.Female","NEON.DOC.014049vE",0
"F2ADC1F5CEA44E2E92874CB1DAB75FB7","D03","OSBS",29.692715,-82.013599,"WGS84",974.3,35.2,1.2,"2014-07-16","2014-07-17","OSBS.2014.28.AEDFUL.F.A","field season","Aedes fulvus pallens","F",2,"Frozen -80C","OSBS.2014.28.AEDFUL.F.A.01",,"OSBS.2014.8.Aedes fulvus pallens.Female","NEON.DOC.014049vE",0
"7B18DB5A50FF425387B30D945F161C76","D03","OSBS",29.725193,-81.987658,"WGS84",0.9,35.3,1.2,"2014-07-16","2014-07-17","OSBS.2014.28.URASAP.F.A","field season","Uranotaenia sapphirina","F",1,"Frozen -80C","OSBS.2014.28.URASAP.F.A.01",,"OSBS.2014.8.Uranotaenia sapphirina.Female","NEON.DOC.014049vE",0
"1DAC38A3FDD14E48992BCE9D3B0130F3","D03","OSBS",29.712968,-81.998583,"WGS84",1718.5,35.6,1.6,"2014-07-16","2014-07-17","OSBS.2014.28.CULMEL.F.A","field season","Culiseta melanura","F",4,"Frozen -80C","OSBS.2014.28.CULMEL.F.A.01",,"OSBS.2014.8.Culiseta melanura.Female","NEON.DOC.014049vE",0
"CD30BFCF45E54D1BADE5538278083809","D03","OSBS",29.684689,-82.017693,"WGS84",0.7,34.4,0.7,"2014-07-16","2014-07-17","OSBS.2014.28.AEDTRI1.F.A","field season","Aedes triseriatus","F",1,"Frozen -80C","OSBS.2014.28.AEDTRI1.F.A.01",,"OSBS.2014.8.Aedes triseriatus.Female","NEON.DOC.014049vE",0
"D573F59DFBD34F719AEB2B3607820E91","D03","OSBS",29.697778,-81.978061,"WGS84",4100.5,32.9,11.4,"2014-07-16","2014-07-17","OSBS.2014.28.CULSPP3.F.A","field season","Culex sp.","F",80,"Frozen -80C","OSBS.2014.28.CULSPP3.F.A.01",,"OSBS.2014.8.Culex spp.Female","NEON.DOC.014049vE",0
"C9D045C509BC4D65B52E8DDBCC12DFF7","D03","OSBS",29.696628,-81.985355,"WGS84",4598.0,36.3,8.0,"2014-07-16","2014-07-17","OSBS.2014.28.AEDATL.F.A","field season","Aedes atlanticus","F",139,"Frozen -80C","OSBS.2014.28.AEDATL.F.A.01",,"OSBS.2014.8.Aedes atlanticus.Female","NEON.DOC.014049vE",0
"65CDA494B1DC428DBA648CD852442C35","D03","OSBS",29.698919,-81.988185,"WGS84",4932.7,37.6,11.3,"2014-07-16","2014-07-17","OSBS.2014.28.AEDSPP.F.A","field season","Aedes sp.","F",49,"Frozen -80C","OSBS.2014.28.AEDSPP.F.A.01",,"OSBS.2014.8.Aedes spp.Female","NEON.DOC.014049vE",0
"FE13179AEEF64AB085BFF9ED2128CBA5","D03","OSBS",29.698875,-81.980970,"WGS84",3886.0,33.1,11.3,"2014-07-16","2014-07-17","OSBS.2014.28.ANOSPP1.F.A","field season","Anopheles sp.","F",35,"Frozen -80C","OSBS.2014.28.ANOSPP1.F.A.01",,"OSBS.2014.8.Anopheles spp.Female","NEON.DOC.014049vE",0
"2631F99555EC426A85EEEFECC8896C27","D03","OSBS",29.694260,-81.996130,"WGS84",4336.1,38.0,10.9,"2014-07-30","2014-07-31","OSBS.2014.30.AEDATL.F.A","field season","Aedes atlanticus","F",13,"Frozen -80C","OSBS.2014.30.AEDATL.F.A.01",,"OSBS.2014.9.Aedes atlanticus.Female","NEON.DOC.014049vE",0
"D06CAD711F4A4207B078259CF37C592C","D03","OSBS",29.700741,-82.009505,"WGS84",0.3,35.9,0.4,"2014-07-30","2014-07-31","OSBS.2014.30.URASAP.F.A","field season","Uranotaenia sapphirina","F",11,"Frozen -80C","OSBS.2014.30.URASAP.F.A.01",,"OSBS.2014.9.Uranotaenia sapphirina.Female","NEON.DOC.014049vE",0
"3ED3B38183A94388A03D990E49FCA29E","D03","OSBS",29.700741,-82.009505,"WGS84",0.3,35.9,0.4,"2014-07-30","2014-07-31","OSBS.2014.30.URALOW.F.A","field season","Uranotaenia lowii","F",1,"Frozen -80C","OSBS.2014.30.URALOW.F.A.01",,"OSBS.2014.9.Uranotaenia lowii.Female","NEON.DOC.014049vE",0
"543BF310253F416194CD7E158523D0F2","D03","OSBS",29.700741,-82.009505,"WGS84",0.3,35.9,0.4,"2014-07-30","2014-07-31","OSBS.2014.30.PSOFER.F.A","field season","Psorophora ferox","F",3,"Frozen -80C","OSBS.2014.30.PSOFER.F.A.01",,"OSBS.2014.9.Psorophora ferox.Female","NEON.DOC.014049vE",0
"A3B0C05EE7F844C696F3DE2B4D847833","D03","OSBS",29.693279,-81.999715,"WGS84",3701.3,32.7,8.3,"2014-07-30","2014-07-31","OSBS.2014.30.CULMEL.F.A","field season","Culiseta melanura","F",5,"Frozen -80C","OSBS.2014.30.CULMEL.F.A.01",,"OSBS.2014.9.Culiseta melanura.Female","NEON.DOC.014049vE",0
"78F3B26B512744D298A5595A933D5F98","D03","OSBS",29.694167,-81.965829,"WGS84",4035.7,26.5,10.0,"2014-07-30","2014-07-31","OSBS.2014.30.CULSAL.F.A","field season","Culex salinarius","F",7,"Frozen -80C","OSBS.2014.30.CULSAL.F.A.01",,"OSBS.2014.9.Culex salinarius.Female","NEON.DOC.014049vE",0
"4C39E3B902BB4B6AAB6554C1079CC7B8","D03","OSBS",29.707941,-81.985398,"WGS84",0.2,31.7,0.9,"2014-07-30","2014-07-31","OSBS.2014.30.CULSPP3.M.A","field season","Culex sp.","M",1,"Frozen -80C","OSBS.2014.30.CULSPP3.M.A.01",,"OSBS.2014.9.Culex spp.Female","NEON.DOC.014049vE",0
"3C3EF95CEA6747BA8B151B54A6B1927D","D03","OSBS",29.690030,-81.988307,"WGS84",2911.9,29.8,5.8,"2014-07-30","2014-07-31","OSBS.2014.30.COQPER.M.A","field season","Coquillettidia perturbans","M",6,"Frozen -80C","OSBS.2014.30.COQPER.M.A.01",,"OSBS.2014.9.Coquillettidia perturbans.Male","NEON.DOC.014049vE",0
"D30EA3905FBC45839D8F4B9865832833","D03","OSBS",29.698357,-81.973937,"WGS84",4497.1,33.0,11.4,"2014-07-30","2014-07-31","OSBS.2014.30.CULSPP3.F.A","field season","Culex sp.","F",65,"Frozen -80C","OSBS.2014.30.CULSPP3.F.A.01",,"OSBS.2014.9.Culex spp.Female|OSBS.2014.9.Culex spp.Male","NEON.DOC.014049vE",0
"D4A7D7A4F8FD48D2A99E79EEC0DE9C32","D03","OSBS",29.696891,-81.978398,"WGS84",4036.0,34.0,14.8,"2014-07-30","2014-07-31","OSBS.2014.30.MANTIT.F.A","field season","Mansonia titillans","F",101,"Frozen -80C","OSBS.2014.30.MANTIT.F.A.01",,"OSBS.2014.9.Mansonia titillans.Female","NEON.DOC.014049vE",0
"5C4A48842B3C4E188D131C94591FA6FD","D03","OSBS",29.690717,-81.965378,"WGS84",2719.5,25.8,6.8,"2014-07-30","2014-07-31","OSBS.2014.30.PSOCOL.F.A","field season","Psorophora columbiae","F",9,"Frozen -80C","OSBS.2014.30.PSOCOL.F.A.01",,"OSBS.2014.9.Psorophora columbiae.Female","NEON.DOC.014049vE",0
"9333BEC50AA549A187BB191298651AD4","D03","OSBS",29.706906,-81.993153,"WGS84",3741.4,34.4,3.5,"2014-07-30","2014-07-31","OSBS.2014.30.AEDSPP.F.A","field season","Aedes sp.","F",21,"Frozen -80C","OSBS.2014.30.AEDSPP.F.A.01",,"OSBS.2014.9.Aedes spp.Female","NEON.DOC.014049vE",0
"8614172C03DF475AAB9430BDC5DBF52C","D03","OSBS",29.694285,-81.975179,"WGS84",4249.5,34.5,14.4,"2014-07-30","2014-07-31","OSBS.2014.30.COQPER.F.A","field season","Coquillettidia perturbans","F",711,"Frozen -80C","OSBS.2014.30.COQPER.F.A.01",,"OSBS.2014.9.Coquillettidia perturbans.Female","NEON.DOC.014049vE",0
"D90262E8BCA54277A6B5B392F12DB8D3","D03","OSBS",29.700741,-82.009505,"WGS84",0.3,35.9,0.4,"2014-07-30","2014-07-31","OSBS.2014.30.URASAP.M.A","field season","Uranotaenia sapphirina","M",3,"Frozen -80C","OSBS.2014.30.URASAP.M.A.01",,"OSBS.2014.9.Uranotaenia sapphirina.Male","NEON.DOC.014049vE",0
"30306B8019AE409D8E1CD68789D6B4D9","D03","OSBS",29.694285,-81.975179,"WGS84",4249.5,34.5,14.4,"2014-07-30","2014-07-31","OSBS.2014.30.CULERR.F.A","field season","Culex erraticus","F",2986,"Frozen -80C","OSBS.2014.30.CULERR.F.A.02",,"OSBS.2014.9.Culex erraticus.Female","NEON.DOC.014049vE",0
"56C262D5C98641A9BE29B33B5FD5A4D5","D03","OSBS",29.692904,-81.973071,"WGS84",4413.1,33.5,15.3,"2014-07-30","2014-07-31","OSBS.2014.30.ANOSPP1.F.A","field season","Anopheles sp.","F",132,"Frozen -80C","OSBS.2014.30.ANOSPP1.F.A.01",,"OSBS.2014.9.Anopheles spp.Female","NEON.DOC.014049vE",0
"B7440403D3F145378C2161ECF64C541D","D03","OSBS",29.678604,-81.962459,"WGS84",0.6,48.1,0.8,"2014-07-30","2014-07-31","OSBS.2014.30.AEDMIT.F.A","field season","Aedes mitchellae","F",1,"Frozen -80C","OSBS.2014.30.AEDMIT.F.A.01",,"OSBS.2014.9.Aedes mitchellae.Female","NEON.DOC.014049vE",0
"EA27710656B648E997CC020BFB1C76F9","D03","OSBS",29.693279,-81.999715,"WGS84",3701.3,32.7,8.3,"2014-07-30","2014-07-31","OSBS.2014.30.AEDINF.F.A","field season","Aedes infirmatus","F",6,"Frozen -80C","OSBS.2014.30.AEDINF.F.A.01",,"OSBS.2014.9.Aedes infirmatus.Female","NEON.DOC.014049vE",0
"369D5A7345034233B32A053A3B8D5496","D03","OSBS",29.696758,-81.976676,"WGS84",4188.6,31.4,7.4,"2014-07-30","2014-07-31","OSBS.2014.30.CULNIG.F.A","field season","Culex nigripalpus","F",27,"Frozen -80C","OSBS.2014.30.CULNIG.F.A.01",,"OSBS.2014.9.Culex nigripalpus.Female","NEON.DOC.014049vE",0
"A6317A6FB559422F98AC3A53FC209EDD","D03","OSBS",29.698829,-81.990749,"WGS84",3426.2,31.9,7.9,"2014-07-30","2014-07-31","OSBS.2014.30.ANOSPP1.M.A","field season","Anopheles sp.","M",7,"Frozen -80C","OSBS.2014.30.ANOSPP1.M.A.01",,"OSBS.2014.9.Anopheles spp.Male","NEON.DOC.014049vE",0
"A836A2D798394619966B684B8F726692","D03","OSBS",29.725193,-81.987658,"WGS84",0.9,35.3,1.2,"2014-07-30","2014-07-31","OSBS.2014.30.AEDALB.F.A","field season","Aedes albopictus","F",1,"Frozen -80C","OSBS.2014.30.AEDALB.F.A.01",,"OSBS.2014.9.Aedes albopictus.Female","NEON.DOC.014049vE",0
"CEE3D3468A2249649E4ACFF5539563D7","D03","OSBS",29.689675,-81.985979,"WGS84",2585.8,42.0,6.5,"2014-07-30","2014-07-31","OSBS.2014.30.PSOCIL.F.A","field season","Psorophora ciliata","F",2,"Frozen -80C","OSBS.2014.30.PSOCIL.F.A.01",,"OSBS.2014.9.Psorophora ciliata.Female","NEON.DOC.014049vE",0
"C9E129DF78A040F69818225B95E056F9","D03","OSBS",29.725193,-81.987658,"WGS84",0.9,35.3,1.2,"2014-07-30","2014-07-31","OSBS.2014.30.CULCOR.F.A","field season","Culex coronator","F",5,"Frozen -80C","OSBS.2014.30.CULCOR.F.A.01",,"OSBS.2014.9.Culex coronator.Female","NEON.DOC.014049vE",0
"0EC1B09A1C014FEE97EBD0F7BF7258B9","D03","OSBS",29.684689,-82.017693,"WGS84",0.7,34.4,0.7,"2014-07-30","2014-07-31","OSBS.2014.30.AEDTAE.F.A","field season","Aedes taeniorhynchus","F",1,"Frozen -80C","OSBS.2014.30.AEDTAE.F.A.01",,"OSBS.2014.9.Aedes taeniorhynchus.Female","NEON.DOC.014049vE",0
"9636285265F64C2A8ED8B2332830CD8A","D03","OSBS",29.692941,-81.973157,"WGS84",4405.8,34.2,14.7,"2014-07-30","2014-07-31","OSBS.2014.30.ANOCRU.F.A","field season","Anopheles crucians","F",399,"Frozen -80C","OSBS.2014.30.ANOCRU.F.A.01",,"OSBS.2014.9.Anopheles crucians.Female","NEON.DOC.014049vE",0
"265C86A17C64403E8DF9BF92E2C45BA6","D03","OSBS",29.700741,-82.009505,"WGS84",0.3,35.9,0.4,"2014-08-12","2014-08-14","OSBS.2014.32.AEDATL.F.A","field season","Aedes atlanticus","F",5,"Frozen -80C","OSBS.2014.32.AEDATL.F.A.01",,"OSBS.2014.10.Aedes atlanticus.Female","NEON.DOC.014049vE",0
"30A773EAA50B4014AE15EC08379FCBC2","D03","OSBS",29.684689,-82.017693,"WGS84",0.7,34.4,0.7,"2014-08-12","2014-08-14","OSBS.2014.32.URASAP.F.A","field season","Uranotaenia sapphirina","F",1,"Frozen -80C","OSBS.2014.32.URASAP.F.A.01",,"OSBS.2014.10.Uranotaenia sapphirina.Female","NEON.DOC.014049vE",0
"EB3BBD0FBA8F4502B360B92973D9DF12","D03","OSBS",29.700741,-82.009505,"WGS84",0.3,35.9,0.4,"2014-08-12","2014-08-14","OSBS.2014.32.AEDTRI1.F.A","field season","Aedes triseriatus","F",2,"Frozen -80C","OSBS.2014.32.AEDTRI1.F.A.01",,"OSBS.2014.10.Aedes triseriatus.Female","NEON.DOC.014049vE",0
"4F1F1BCE8DB94643B3BB3A10EC47D2B6","D03","OSBS",29.706065,-81.974906,"WGS84",2452.6,29.9,5.5,"2014-08-12","2014-08-14","OSBS.2014.32.CULSPP3.M.A","field season","Culex sp.","M",3,"Frozen -80C","OSBS.2014.32.CULSPP3.M.A.01",,"OSBS.2014.10.Culex spp.Male","NEON.DOC.014049vE",0
"A39DECDBE4264E2B8A6E1242EBA05475","D03","OSBS",29.698667,-81.986261,"WGS84",3747.6,35.4,13.5,"2014-08-12","2014-08-14","OSBS.2014.32.MANTIT.F.A","field season","Mansonia titillans","F",54,"Frozen -80C","OSBS.2014.32.MANTIT.F.A.01",,"OSBS.2014.10.Mansonia titillans.Female","NEON.DOC.014049vE",0
"FF9EC698686948759EBF2B8696BFB7F0","D03","OSBS",29.695625,-81.973243,"WGS84",4469.0,33.8,15.0,"2014-08-12","2014-08-14","OSBS.2014.32.COQPER.F.A","field season","Coquillettidia perturbans","F",280,"Frozen -80C","OSBS.2014.32.COQPER.F.A.01",,"OSBS.2014.10.Coquillettidia perturbans.Female","NEON.DOC.014049vE",0
"9811E0A425A24BA3B19D2112289CFA22","D03","OSBS",29.712822,-81.987063,"WGS84",4301.9,34.4,3.1,"2014-08-12","2014-08-14","OSBS.2014.32.CULCOR.F.A","field season","Culex coronator","F",7,"Frozen -80C","OSBS.2014.32.CULCOR.F.A.01",,"OSBS.2014.10.Culex coronator.Female","NEON.DOC.014049vE",0
"856FDDAC64F44BC9BE79D96046DF4DED","D03","OSBS",29.700741,-82.009505,"WGS84",0.3,35.9,0.4,"2014-08-12","2014-08-14","OSBS.2014.32.AEDINF.F.A","field season","Aedes infirmatus","F",1,"Frozen -80C","OSBS.2014.32.AEDINF.F.A.01",,"OSBS.2014.10.Aedes infirmatus.Female","NEON.DOC.014049vE",0
"EC37EFFF00304E95B2D176819503D799","D03","OSBS",29.685519,-81.939573,"WGS84",0.4,33.3,0.7,"2014-08-12","2014-08-14","OSBS.2014.32.ANOQUA.F.A","field season","Anopheles quadrimaculatus","F",1,"Frozen -80C","OSBS.2014.32.ANOQUA.F.A.01",,"OSBS.2014.10.Anopheles quadrimaculatus.Female","NEON.DOC.014049vE",0
"B31FB4BCD0EF4DB885F317171328F44A","D03","OSBS",29.700741,-82.009505,"WGS84",0.3,35.9,0.4,"2014-08-12","2014-08-14","OSBS.2014.32.PSOFER.F.A","field season","Psorophora ferox","F",2,"Frozen -80C","OSBS.2014.32.PSOFER.F.A.01",,"OSBS.2014.10.Psorophora ferox.Female","NEON.DOC.014049vE",0
"2C30FBBB47C046A19C552ECB8BEE8B90","D03","OSBS",29.693312,-81.974888,"WGS84",4251.2,34.3,14.6,"2014-08-12","2014-08-14","OSBS.2014.32.ANOCRU.F.A","field season","Anopheles crucians","F",211,"Frozen -80C","OSBS.2014.32.ANOCRU.F.A.01",,"OSBS.2014.10.Anopheles crucians.Female","NEON.DOC.014049vE",0
"D78A9789A8304B589C5C20E2D27A6481","D03","OSBS",29.702842,-82.006092,"WGS84",3052.9,35.4,1.7,"2014-08-12","2014-08-14","OSBS.2014.32.AEDSPP.F.A","field season","Aedes sp.","F",5,"Frozen -80C","OSBS.2014.32.AEDSPP.F.A.01",,"OSBS.2014.10.Aedes spp.Female","NEON.DOC.014049vE",0
"16F41250890D43869867AE277FB908C5","D03","OSBS",29.694117,-81.971738,"WGS84",4568.3,34.3,14.5,"2014-08-12","2014-08-14","OSBS.2014.32.CULERR.F.A","field season","Culex erraticus","F",3000,"Frozen -80C","OSBS.2014.32.CULERR.F.A.02",,"OSBS.2014.10.Culex erraticus.Female","NEON.DOC.014049vE",0
"E639365493FE432DA38E9F45A8D38E70","D03","OSBS",29.685884,-81.958591,"WGS84",0.1,24.1,0.1,"2014-08-12","2014-08-14","OSBS.2014.32.PSOCIL.F.A","field season","Psorophora ciliata","F",1,"Frozen -80C","OSBS.2014.32.PSOCIL.F.A.01",,"OSBS.2014.10.Psorophora ciliata.Female","NEON.DOC.014049vE",0
"251B956418D34AD2A56ED862A4D50139","D03","OSBS",29.691250,-81.954837,"WGS84",1394.8,38.0,6.3,"2014-08-12","2014-08-14","OSBS.2014.32.PSOCOL.F.A","field season","Psorophora columbiae","F",2,"Frozen -80C","OSBS.2014.32.PSOCOL.F.A.01",,"OSBS.2014.10.Psorophora columbiae.Female","NEON.DOC.014049vE",0
"345A3F8BBB3C4918B0FB7066B37FE9C6","D03","OSBS",29.690405,-81.976388,"WGS84",4047.1,35.4,13.5,"2014-08-12","2014-08-14","OSBS.2014.32.ANOSPP1.F.A","field season","Anopheles sp.","F",52,"Frozen -80C","OSBS.2014.32.ANOSPP1.F.A.01",,"OSBS.2014.10.Anopheles spp.Female","NEON.DOC.014049vE",0
"939575C0CD644543B408A6356FFEBCA4","D03","OSBS",29.686936,-81.962158,"WGS84",0.1,24.5,0.1,"2014-08-12","2014-08-14","OSBS.2014.32.CULSAL.F.A","field season","Culex salinarius","F",1,"Frozen -80C","OSBS.2014.32.CULSAL.F.A.01",,"OSBS.2014.10.Culex salinarius.Female","NEON.DOC.014049vE",0
"1C02CA8AD3E5419685689B3FD01C667F","D03","OSBS",29.685702,-81.949082,"WGS84",920.8,28.7,4.7,"2014-08-12","2014-08-14","OSBS.2014.32.COQPER.M.A","field season","Coquillettidia perturbans","M",2,"Frozen -80C","OSBS.2014.32.COQPER.M.A.01",,"OSBS.2014.10.Coquillettidia perturbans.Male","NEON.DOC.014049vE",0
"5F47C1A38E3D41AEBEA4066546D29DDC","D03","OSBS",29.703600,-81.979155,"WGS84",3617.1,33.6,10.7,"2014-08-12","2014-08-14","OSBS.2014.32.CULSPP3.F.A","field season","Culex sp.","F",47,"Frozen -80C","OSBS.2014.32.CULSPP3.F.A.01",,"OSBS.2014.10.Culex spp.Female","NEON.DOC.014049vE",0
"4D5EA657A99B4DDBAC634F195C27B1DD","D03","OSBS",29.695281,-81.973049,"WGS84",4476.9,34.8,14.0,"2014-08-12","2014-08-14","OSBS.2014.32.CULNIG.F.A","field season","Culex nigripalpus","F",65,"Frozen -80C","OSBS.2014.32.CULNIG.F.A.01",,"OSBS.2014.10.Culex nigripalpus.Female","NEON.DOC.014049vE",0
"5F71851DA4A14E85A2BAC0A8211DE7A7","D03","OSBS",29.692927,-81.973153,"WGS84",4405.9,34.7,14.2,"2014-08-26","2014-08-28","OSBS.2014.34.CULERR.F.A","field season","Culex erraticus","F",3000,"Frozen -80C","OSBS.2014.34.CULERR.F.A.01",,"OSBS.2014.11.Culex erraticus.Female|OSBS.2014.11.Mansonia titillans.Female","NEON.DOC.014049vE",0
"3D89CE1EEF9E49379C604C2E308EA165","D03","OSBS",29.700741,-82.009505,"WGS84",0.3,35.9,0.4,"2014-08-26","2014-08-28","OSBS.2014.34.PSOSPP.F.A","field season","Psorophora sp.","F",1,"Frozen -80C","OSBS.2014.34.PSOSPP.F.A.01",,"OSBS.2014.11.Psorophora spp.Female","NEON.DOC.014049vE",0
"527E1F75EF7842639DFA900073EBA717","D03","OSBS",29.682801,-81.958594,"WGS84",573.6,34.3,10.0,"2014-08-26","2014-08-28","OSBS.2014.34.COQPER.M.A","field season","Coquillettidia perturbans","M",2,"Frozen -80C","OSBS.2014.34.COQPER.M.A.01",,"OSBS.2014.11.Coquillettidia perturbans.Male","NEON.DOC.014049vE",0
"E0AE5F3A68EA4FA691EE90BD47713252","D03","OSBS",29.684590,-81.961342,"WGS84",672.7,30.3,18.6,"2014-08-26","2014-08-28","OSBS.2014.34.CULSAL.F.A","field season","Culex salinarius","F",6,"Frozen -80C","OSBS.2014.34.CULSAL.F.A.01",,"OSBS.2014.11.Culex salinarius.Female","NEON.DOC.014049vE",0
"C150B6ED75734BC2A892E4EA64479555","D03","OSBS",29.703542,-82.004954,"WGS84",2926.0,35.2,1.5,"2014-08-26","2014-08-28","OSBS.2014.34.AEDINF.F.A","field season","Aedes infirmatus","F",5,"Frozen -80C","OSBS.2014.34.AEDINF.F.A.01",,"OSBS.2014.11.Aedes infirmatus.Female","NEON.DOC.014049vE",0
"140F513335B9490B97F09C5EF7837F9B","D03","OSBS",29.694921,-81.973732,"WGS84",4402.8,35.2,13.7,"2014-08-26","2014-08-28","OSBS.2014.34.CULNIG.F.A","field season","Culex nigripalpus","F",49,"Frozen -80C","OSBS.2014.34.CULNIG.F.A.01",,"OSBS.2014.11.Culex nigripalpus.Female","NEON.DOC.014049vE",0
"9647A717C626467C92C143A4A1755F9E","D03","OSBS",29.685884,-81.958591,"WGS84",0.1,24.1,0.1,"2014-08-26","2014-08-28","OSBS.2014.34.PSOCOL.F.A","field season","Psorophora columbiae","F",5,"Frozen -80C","OSBS.2014.34.PSOCOL.F.A.01",,"OSBS.2014.11.Psorophora columbiae.Female","NEON.DOC.014049vE",0
"6BD27DE45995480A949F0FA3D6F86A40","D03","OSBS",29.725193,-81.987658,"WGS84",0.9,35.3,1.2,"2014-08-26","2014-08-28","OSBS.2014.34.CULCOR.F.A","field season","Culex coronator","F",4,"Frozen -80C","OSBS.2014.34.CULCOR.F.A.01",,"OSBS.2014.11.Culex coronator.Female","NEON.DOC.014049vE",0
"7E3607A53105465CA149C4AEC6C2F699","D03","OSBS",29.691814,-81.963936,"WGS84",2739.8,34.0,14.8,"2014-08-26","2014-08-28","OSBS.2014.34.ANOSPP1.F.A","field season","Anopheles sp.","F",22,"Frozen -80C","OSBS.2014.34.ANOSPP1.F.A.01",,"OSBS.2014.11.Anopheles spp.Female","NEON.DOC.014049vE",0
"72ADB847497B46ED9272BB09A03CE504","D03","OSBS",29.693847,-81.976639,"WGS84",4100.5,34.8,14.1,"2014-08-26","2014-08-28","OSBS.2014.34.MANTIT.F.A","field season","Mansonia titillans","F",124,"Frozen -80C","OSBS.2014.34.MANTIT.F.A.01",,"OSBS.2014.11.Mansonia titillans.Female","NEON.DOC.014049vE",0
"3505468EC63B4439903CA466B8584DFA","D03","OSBS",29.712968,-81.998583,"WGS84",1719.1,35.6,1.6,"2014-08-26","2014-08-28","OSBS.2014.34.AEDSPP.F.A","field season","Aedes sp.","F",2,"Frozen -80C","OSBS.2014.34.AEDSPP.F.A.01",,"OSBS.2014.11.Aedes spp.Female","NEON.DOC.014049vE",0
"3AB05904C61E4AB69EEC396EF68F68CA","D03","OSBS",29.687637,-81.965038,"WGS84",5106.0,33.0,11.4,"2014-08-26","2014-08-28","OSBS.2014.34.CULSPP3.F.A","field season","Culex sp.","F",28,"Frozen -80C","OSBS.2014.34.CULSPP3.F.A.01",,"OSBS.2014.11.Culex spp.Female","NEON.DOC.014049vE",0
"D0CC5314F8AA4C81A91B2897C21AC4BD","D03","OSBS",29.693193,-81.974731,"WGS84",4263.0,34.5,14.4,"2014-08-26","2014-08-28","OSBS.2014.34.COQPER.F.A","field season","Coquillettidia perturbans","F",79,"Frozen -80C","OSBS.2014.34.COQPER.F.A.01",,"OSBS.2014.11.Coquillettidia perturbans.Female","NEON.DOC.014049vE",0
"16F584B3D03649F5985532CD2D8F434F","D03","OSBS",29.692840,-81.987228,"WGS84",3083.7,30.1,6.1,"2014-08-26","2014-08-28","OSBS.2014.34.CULMEL.F.A","field season","Culiseta melanura","F",3,"Frozen -80C","OSBS.2014.34.CULMEL.F.A.01",,"OSBS.2014.11.Culiseta melanura.Female","NEON.DOC.014049vE",0
"3212C036DAD54925AC88CFB113851225","D03","OSBS",29.693001,-81.973679,"WGS84",4357.8,34.3,14.6,"2014-08-26","2014-08-28","OSBS.2014.34.ANOCRU.F.A","field season","Anopheles crucians","F",165,"Frozen -80C","OSBS.2014.34.ANOCRU.F.A.01",,"OSBS.2014.11.Anopheles crucians.Female","NEON.DOC.014049vE",0
"2C4C93214D9A4C20B6C2FE1039F20B10","D03","OSBS",29.700741,-82.009505,"WGS84",0.3,35.9,0.4,"2014-08-26","2014-08-28","OSBS.2014.34.AEDATL.F.A","field season","Aedes atlanticus","F",1,"Frozen -80C","OSBS.2014.34.AEDATL.F.A.01",,"OSBS.2014.11.Aedes atlanticus.Female","NEON.DOC.014049vE",0
"72B2632292BC49439121EA082DF8D114","D03","OSBS",29.694076,-81.973776,"WGS84",4375.4,34.7,14.2,"2014-09-10","2014-09-11","OSBS.2014.36.COQPER.F.A","field season","Coquillettidia perturbans","F",479,"Frozen -80C","OSBS.2014.36.COQPER.F.A.01",,"OSBS.2014.12.Coquillettidia perturbans.Female","NEON.DOC.014049vE",0
"B03119446C6C4007AE6ACCB9BA7C2990","D03","OSBS",29.690156,-81.967885,"WGS84",4858.0,33.9,14.9,"2014-09-10","2014-09-11","OSBS.2014.36.ANOCRU.F.A","field season","Anopheles crucians","F",160,"Frozen -80C","OSBS.2014.36.ANOCRU.F.A.01",,"OSBS.2014.12.Anopheles crucians.Female","NEON.DOC.014049vE",0
"B7DBCB15588F47288171E29BE8325D46","D03","OSBS",29.695110,-81.974005,"WGS84",4382.7,34.4,14.5,"2014-09-10","2014-09-11","OSBS.2014.36.CULNIG.F.A","field season","Culex nigripalpus","F",3,"Frozen -80C","OSBS.2014.36.CULNIG.F.A.01",,"OSBS.2014.12.Culex nigripalpus.Female","NEON.DOC.014049vE",0
"2437120FD192495AB5681007959FCADE","D03","OSBS",29.690860,-81.973081,"WGS84",4371.2,34.0,14.9,"2014-09-10","2014-09-11","OSBS.2014.36.CULSPP3.F.A","field season","Culex sp.","F",24,"Frozen -80C","OSBS.2014.36.CULSPP3.F.A.01",,"OSBS.2014.12.Culex spp.Female","NEON.DOC.014049vE",0
"858E533552E6465FBA6DAE91767CCDAB","D03","OSBS",29.685519,-81.939573,"WGS84",0.4,33.3,0.7,"2014-09-10","2014-09-11","OSBS.2014.36.AEDHEN.F.A","field season","Aedes hendersoni","F",1,"Frozen -80C","OSBS.2014.36.AEDHEN.F.A.01",,"OSBS.2014.12.Aedes hendersoni.Female","NEON.DOC.014049vE",0
"07BB275D69914D38A154E7FF59CB06B6","D03","OSBS",29.702842,-82.006092,"WGS84",3052.9,35.4,1.7,"2014-09-10","2014-09-11","OSBS.2014.36.AEDATL.F.A","field season","Aedes atlanticus","F",5,"Frozen -80C","OSBS.2014.36.AEDATL.F.A.01",,"OSBS.2014.12.Aedes atlanticus.Female","NEON.DOC.014049vE",0
"1984B43614A54FC485EDF5EEB44C270F","D03","OSBS",29.685519,-81.939573,"WGS84",0.4,33.3,0.7,"2014-09-10","2014-09-11","OSBS.2014.36.ANOQUA.F.A","field season","Anopheles quadrimaculatus","F",3,"Frozen -80C","OSBS.2014.36.ANOQUA.F.A.01",,"OSBS.2014.12.Anopheles quadrimaculatus.Female","NEON.DOC.014049vE",0
"12CAB52255AC419589ED97523636FF38","D03","OSBS",29.696469,-81.976390,"WGS84",4204.8,33.3,15.6,"2014-09-10","2014-09-11","OSBS.2014.36.MANTIT.F.A","field season","Mansonia titillans","F",134,"Frozen -80C","OSBS.2014.36.MANTIT.F.A.01",,"OSBS.2014.12.Mansonia titillans.Female","NEON.DOC.014049vE",0
"C30E0B91590A444695A264E42EBF861C","D03","OSBS",29.695390,-82.012235,"WGS84",1298.8,35.4,1.7,"2014-09-10","2014-09-11","OSBS.2014.36.CULMEL.F.A","field season","Culiseta melanura","F",4,"Frozen -80C","OSBS.2014.36.CULMEL.F.A.01",,"OSBS.2014.12.Culiseta melanura.Female","NEON.DOC.014049vE",0
"84263B171DD846208F7CA88B1A5D6E50","D03","OSBS",29.725193,-81.987658,"WGS84",0.9,35.3,1.2,"2014-09-10","2014-09-11","OSBS.2014.36.AEDALB.F.A","field season","Aedes albopictus","F",1,"Frozen -80C","OSBS.2014.36.AEDALB.F.A.01",,"OSBS.2014.12.Aedes albopictus.Female","NEON.DOC.014049vE",0
"F1FD973FCF6B42C2BA3B9958FCAA2804","D03","OSBS",29.693803,-81.973270,"WGS84",4416.0,34.3,14.5,"2014-09-10","2014-09-11","OSBS.2014.36.CULERR.F.A","field season","Culex erraticus","F",3000,"Frozen -80C","OSBS.2014.36.CULERR.F.A.01",,"OSBS.2014.12.Culex erraticus.Female","NEON.DOC.014049vE",0
"BAF44C6E1F3846AFA9F0EC3982379830","D03","OSBS",29.697439,-81.973777,"WGS84",1618.2,28.1,4.5,"2014-09-10","2014-09-11","OSBS.2014.36.COQPER.M.A","field season","Coquillettidia perturbans","M",2,"Frozen -80C","OSBS.2014.36.COQPER.M.A.01",,"OSBS.2014.12.Coquillettidia perturbans.Male","NEON.DOC.014049vE",0
"E72B2DBA6D3C44E18CCDB2B814EC1026","D03","OSBS",29.711693,-81.997672,"WGS84",3565.3,35.0,1.3,"2014-09-10","2014-09-11","OSBS.2014.36.AEDSPP.F.A","field season","Aedes sp.","F",4,"Frozen -80C","OSBS.2014.36.AEDSPP.F.A.01",,"OSBS.2014.12.Aedes spp.Female","NEON.DOC.014049vE",0
"15A9D83249AA4417A0AA9016F20104C6","D03","OSBS",29.688456,-81.956428,"WGS84",1713.2,31.9,17.0,"2014-09-10","2014-09-11","OSBS.2014.36.ANOSPP1.F.A","field season","Anopheles sp.","F",15,"Frozen -80C","OSBS.2014.36.ANOSPP1.F.A.01",,"OSBS.2014.12.Anopheles spp.Female","NEON.DOC.014049vE",0
"B336CF7835E245C49CBD218C50E96B4D","D03","OSBS",29.686936,-81.962158,"WGS84",0.1,24.5,0.1,"2014-09-10","2014-09-11","OSBS.2014.36.CULSAL.F.A","field season","Culex salinarius","F",1,"Frozen -80C","OSBS.2014.36.CULSAL.F.A.01",,"OSBS.2014.12.Culex salinarius.Female","NEON.DOC.014049vE",0
"9E117CB193724F86AE4E785F9E188595","D03","OSBS",29.703834,-81.954643,"WGS84",0.3,32.0,0.7,"2014-09-10","2014-09-11","OSBS.2014.36.ANOSPP1.M.A","field season","Anopheles sp.","M",1,"Frozen -80C","OSBS.2014.36.ANOSPP1.M.A.01",,"OSBS.2014.12.Anopheles spp.Male","NEON.DOC.014049vE",0
"DEAD1FE663C647328B79A68100C197CC","D03","OSBS",29.692218,-81.958464,"WGS84",1339.6,26.9,5.8,"2014-09-10","2014-09-11","OSBS.2014.36.PSOCOL.F.A","field season","Psorophora columbiae","F",4,"Frozen -80C","OSBS.2014.36.PSOCOL.F.A.01",,"OSBS.2014.12.Psorophora columbiae.Female","NEON.DOC.014049vE",0
"F0846B74120C487BBDCD55CD8759653A","D03","OSBS",29.700741,-82.009505,"WGS84",0.3,35.9,0.4,"2014-09-10","2014-09-11","OSBS.2014.36.PSOFER.F.A","field season","Psorophora ferox","F",2,"Frozen -80C","OSBS.2014.36.PSOFER.F.A.01",,"OSBS.2014.12.Psorophora ferox.Female","NEON.DOC.014049vE",0
"0B0A3B5D4D0E4FFE8668455D81400E32","D03","OSBS",29.693879,-81.974612,"WGS84",4291.6,34.9,14.0,"2014-09-23","2014-09-25","OSBS.2014.38.COQPER.F.A","field season","Coquillettidia perturbans","F",194,"Frozen -80C","OSBS.2014.38.COQPER.F.A.01",,"OSBS.2014.13.Coquillettidia perturbans.Female","NEON.DOC.014049vE",0
"9EFAB080BE6A46B48DD824A08736653A","D03","OSBS",29.700741,-82.009505,"WGS84",0.3,35.9,0.4,"2014-09-23","2014-09-25","OSBS.2014.38.AEDINF.F.A","field season","Aedes infirmatus","F",5,"Frozen -80C","OSBS.2014.38.AEDINF.F.A.01",,"OSBS.2014.13.Aedes infirmatus.Female","NEON.DOC.014049vE",0
"D4D3E619414E41908C3C9C2D60EBF5A7","D03","OSBS",29.701202,-81.979562,"WGS84",4241.9,33.0,9.0,"2014-09-23","2014-09-25","OSBS.2014.38.CULSPP3.F.A","field season","Culex sp.","F",37,"Frozen -80C","OSBS.2014.38.CULSPP3.F.A.01",,"OSBS.2014.13.Culex spp.Female","NEON.DOC.014049vE",0
"DF874575FA5847F1BDA5A0674433FC61","D03","OSBS",29.678666,-81.955031,"WGS84",0.1,44.1,0.2,"2014-09-23","2014-09-25","OSBS.2014.38.ANOQUA.F.A","field season","Anopheles quadrimaculatus","F",1,"Frozen -80C","OSBS.2014.38.ANOQUA.F.A.01",,"OSBS.2014.13.Anopheles quadrimaculatus.Female","NEON.DOC.014049vE",0
"FAEAAD6FD4164D109CA2EE51E320274B","D03","OSBS",29.690831,-81.966338,"WGS84",2645.0,33.3,11.0,"2014-09-23","2014-09-25","OSBS.2014.38.PSOCOL.F.A","field season","Psorophora columbiae","F",3,"Frozen -80C","OSBS.2014.38.PSOCOL.F.A.01",,"OSBS.2014.13.Psorophora columbiae.Female","NEON.DOC.014049vE",0
"F2205B43EFA3402AA68F81ADDF2CFA21","D03","OSBS",29.694089,-81.974432,"WGS84",4314.2,34.4,14.5,"2014-09-23","2014-09-25","OSBS.2014.38.CULERR.F.A","field season","Culex erraticus","F",3000,"Frozen -80C","OSBS.2014.38.CULERR.F.A.01",,"OSBS.2014.13.Culex erraticus.Female","NEON.DOC.014049vE",0
"D3EAFD5CA8CA495F88E94E50F5B61D80","D03","OSBS",29.691311,-81.971797,"WGS84",4501.7,34.1,14.8,"2014-09-23","2014-09-25","OSBS.2014.38.ANOCRU.F.A","field season","Anopheles crucians","F",189,"Frozen -80C","OSBS.2014.38.ANOCRU.F.A.01",,"OSBS.2014.13.Anopheles crucians.Female","NEON.DOC.014049vE",0
"92E7CD6DCD8541C5B568E4CFB9401FDB","D03","OSBS",29.699392,-81.994254,"WGS84",3398.4,32.5,8.1,"2014-09-23","2014-09-25","OSBS.2014.38.AEDSPP.F.A","field season","Aedes sp.","F",4,"Frozen -80C","OSBS.2014.38.AEDSPP.F.A.01",,"OSBS.2014.13.Aedes spp.Female","NEON.DOC.014049vE",0
"ED138ECED85F4EB58F9400687CEE416E","D03","OSBS",29.686936,-81.962158,"WGS84",0.1,24.5,0.1,"2014-09-23","2014-09-25","OSBS.2014.38.CULSAL.F.A","field season","Culex salinarius","F",1,"Frozen -80C","OSBS.2014.38.CULSAL.F.A.01",,"OSBS.2014.13.Culex salinarius.Female","NEON.DOC.014049vE",0
"2073FCF9EFAF4EE5B018D02B1D8E2CC4","D03","OSBS",29.689675,-81.985979,"WGS84",2586.1,42.0,6.9,"2014-09-23","2014-09-25","OSBS.2014.38.COQPER.M.A","field season","Coquillettidia perturbans","M",2,"Frozen -80C","OSBS.2014.38.COQPER.M.A.01",,"OSBS.2014.13.Coquillettidia perturbans.Male","NEON.DOC.014049vE",0
"79748E3F0E91443386811E27C199CC5E","D03","OSBS",29.700741,-82.009505,"WGS84",0.3,35.9,0.4,"2014-09-23","2014-09-25","OSBS.2014.38.AEDTRI1.F.A","field season","Aedes triseriatus","F",1,"Frozen -80C","OSBS.2014.38.AEDTRI1.F.A.01",,"OSBS.2014.13.Aedes triseriatus.Female","NEON.DOC.014049vE",0
"F75D96D5D4E245B29D9A5ADC90F331DC","D03","OSBS",29.706854,-82.004044,"WGS84",2578.2,35.8,1.7,"2014-09-23","2014-09-25","OSBS.2014.38.AEDATL.F.A","field season","Aedes atlanticus","F",7,"Frozen -80C","OSBS.2014.38.AEDATL.F.A.01",,"OSBS.2014.13.Aedes atlanticus.Female","NEON.DOC.014049vE",0
"76BC989C802D4CBA93E76D04B838650E","D03","OSBS",29.684689,-82.017693,"WGS84",0.7,34.4,0.7,"2014-09-23","2014-09-25","OSBS.2014.38.PSOFER.F.A","field season","Psorophora ferox","F",1,"Frozen -80C","OSBS.2014.38.PSOFER.F.A.01",,"OSBS.2014.13.Psorophora ferox.Female","NEON.DOC.014049vE",0
"FEB2BE109DC4431793C708C14E2EB623","D03","OSBS",29.707941,-81.985398,"WGS84",0.2,31.7,0.9,"2014-09-23","2014-09-25","OSBS.2014.38.CULSPP3.M.A","field season","Culex sp.","M",1,"Frozen -80C","OSBS.2014.38.CULSPP3.M.A.01",,"OSBS.2014.13.Culex spp.Male","NEON.DOC.014049vE",0
"109F157C8BD04AC19640FB8A1D1FE152","D03","OSBS",29.692547,-81.967391,"WGS84",4945.1,31.0,17.9,"2014-09-23","2014-09-25","OSBS.2014.38.ANOSPP1.F.A","field season","Anopheles sp.","F",42,"Frozen -80C","OSBS.2014.38.ANOSPP1.F.A.01",,"OSBS.2014.13.Anopheles spp.Female","NEON.DOC.014049vE",0
"A48B375572504058BC75C8B69B9DCCFC","D03","OSBS",29.696417,-81.978512,"WGS84",4008.2,34.3,14.6,"2014-09-23","2014-09-25","OSBS.2014.38.MANTIT.F.A","field season","Mansonia titillans","F",142,"Frozen -80C","OSBS.2014.38.MANTIT.F.A.01",,"OSBS.2014.13.Mansonia titillans.Female","NEON.DOC.014049vE",0
"C0B0278889BF4BDB920EE41BFE58D72C","D03","OSBS",29.696362,-81.975391,"WGS84",4293.2,34.8,14.1,"2014-09-23","2014-09-25","OSBS.2014.38.CULNIG.F.A","field season","Culex nigripalpus","F",93,"Frozen -80C","OSBS.2014.38.CULNIG.F.A.01",,"OSBS.2014.13.Culex nigripalpus.Female","NEON.DOC.014049vE",0
