"uid","domainID","siteID","decimalLatitude","decimalLongitude","geodeticDatum","coordinateUncertainty","elevation","elevationUncertainty","startCollectDate","endCollectDate","archiveID","sampleTiming","scientificName","sex","archivedCount","archiveMedium","archiveVialIDList","archiveFacilityID","deprecatedVialID","samplingProtocolVersion","duplicatesInArchivePoolingQF"
"43BFD3D6D2EB4F18B848EE46C3D10189","D08","TALL",32.909029,-87.417746,"WGS84",7203.1,115.6,38.6,"2014-05-08","2014-05-09","TALL.2014.18.ANOCRU.F.A","field season","Anopheles crucians","F",183,"Frozen -80C","TALL.2014.18.ANOCRU.F.A.01",,"TALL.2014.1.Anopheles crucians.Female","NEON.DOC.014049vE",0
"B45C89E617074343B36D0BA3874E6605","D08","TALL",32.907894,-87.416008,"WGS84",1293.7,118.8,27.2,"2014-05-08","2014-05-09","TALL.2014.18.ANOQUA.F.A","field season","Anopheles quadrimaculatus","F",2,"Frozen -80C","TALL.2014.18.ANOQUA.F.A.01",,"TALL.2014.1.Anopheles quadrimaculatus.Female","NEON.DOC.014049vE",0
"C7DA2C9FF10C4C6AA8DC134E2A6B7AF1","D08","TALL",32.934079,-87.411942,"WGS84",4387.5,116.3,39.3,"2014-05-08","2014-05-09","TALL.2014.18.CULSPP3.F.A","field season","Culex sp.","F",3,"Frozen -80C","TALL.2014.18.CULSPP3.F.A.01",,"TALL.2014.1.Culex spp.Female","NEON.DOC.014049vE",0
"F00D88D1C63444849718CA115D0625AE","D08","TALL",32.913267,-87.426338,"WGS84",6881.8,111.2,68.2,"2014-05-08","2014-05-09","TALL.2014.18.AEDCAN2.F.A","field season","Aedes canadensis","F",706,"Frozen -80C","TALL.2014.18.AEDCAN2.F.A.01",,"TALL.2014.1.Aedes canadensis.Female","NEON.DOC.014049vE",0
"7E050308F28F4BFC8967DCB05873D959","D08","TALL",32.920546,-87.425916,"WGS84",6090.5,90.7,13.8,"2014-05-08","2014-05-09","TALL.2014.18.PSOFER.F.A","field season","Psorophora ferox","F",9,"Frozen -80C","TALL.2014.18.PSOFER.F.A.01",,"TALL.2014.1.Psorophora ferox.Female","NEON.DOC.014049vE",0
"8B0968C6F1B345BFAAC2FD984888C70A","D08","TALL",32.907042,-87.419695,"WGS84",996.0,113.8,22.2,"2014-05-08","2014-05-09","TALL.2014.18.CULMEL.F.A","field season","Culiseta melanura","F",6,"Frozen -80C","TALL.2014.18.CULMEL.F.A.01",,"TALL.2014.1.Culiseta melanura.Female","NEON.DOC.014049vE",0
"902DFF13E2534943BCD66FB9A12CA22C","D08","TALL",32.899468,-87.424207,"WGS84",2498.3,110.1,35.9,"2014-05-08","2014-05-09","TALL.2014.18.AEDTRI1.F.A","field season","Aedes triseriatus","F",17,"Frozen -80C","TALL.2014.18.AEDTRI1.F.A.01",,"TALL.2014.1.Aedes triseriatus.Female","NEON.DOC.014049vE",0
"01E52959A39944A8AC4ACBADFA91931C","D08","TALL",32.905413,-87.425244,"WGS84",7709.5,93.1,32.7,"2014-05-08","2014-05-09","TALL.2014.18.CULERR.F.A","field season","Culex erraticus","F",9,"Frozen -80C","TALL.2014.18.CULERR.F.A.01",,"TALL.2014.1.Culex erraticus.Female","NEON.DOC.014049vE",0
"046BA4E5559643E48BF8232D7233AFA0","D08","TALL",32.915213,-87.420652,"WGS84",6562.6,104.5,27.5,"2014-05-08","2014-05-09","TALL.2014.18.AEDSPP.F.A","field season","Aedes sp.","F",5,"Frozen -80C","TALL.2014.18.AEDSPP.F.A.01",,"TALL.2014.1.Aedes spp.Female","NEON.DOC.014049vE",0
"B035506A7E9B4B7B9A9F364D2A858617","D08","TALL",32.905575,-87.413116,"WGS84",971.7,130.8,5.2,"2014-05-08","2014-05-09","TALL.2014.18.COQPER.M.A","field season","Coquillettidia perturbans","M",2,"Frozen -80C","TALL.2014.18.COQPER.M.A.01",,"TALL.2014.1.Coquillettidia perturbans.Male","NEON.DOC.014049vE",0
"2ED3C0D6AC074F5B9D55249758A0AC8D","D08","TALL",32.920639,-87.414954,"WGS84",5895.6,113.5,36.5,"2014-05-08","2014-05-09","TALL.2014.18.ANOPUN.F.A","field season","Anopheles punctipennis","F",24,"Frozen -80C","TALL.2014.18.ANOPUN.F.A.01",,"TALL.2014.1.Anopheles punctipennis.Female","NEON.DOC.014049vE",0
"03132C5D961E474689FD26FA01304915","D08","TALL",32.973570,-87.408875,"WGS84",0.1,77.1,0.1,"2014-05-08","2014-05-09","TALL.2014.18.CULRES.F.A","field season","Culex restuans","F",1,"Frozen -80C","TALL.2014.18.CULRES.F.A.01",,"TALL.2014.1.Culex restuans.Female","NEON.DOC.014049vE",0
"594590002D664FDBB3DE9E7986261462","D08","TALL",32.913981,-87.423870,"WGS84",6753.3,117.8,61.7,"2014-05-08","2014-05-09","TALL.2014.18.AEDVEX.F.A","field season","Aedes vexans","F",53,"Frozen -80C","TALL.2014.18.AEDVEX.F.A.01",,"TALL.2014.1.Aedes vexans.Female","NEON.DOC.014049vE",0
"6A7DDFB25689451EBB76B3C8A48BCAD3","D08","TALL",32.914334,-87.413474,"WGS84",0.1,135.8,0.1,"2014-05-08","2014-05-09","TALL.2014.18.AEDVEX.M.A","field season","Aedes vexans","M",3,"Frozen -80C","TALL.2014.18.AEDVEX.M.A.01",,"TALL.2014.1.Aedes vexans.Male","NEON.DOC.014049vE",0
"9E633C0EFB234A899E258310A182FCE5","D08","TALL",32.973570,-87.408875,"WGS84",0.1,77.1,0.1,"2014-05-08","2014-05-09","TALL.2014.18.AEDCAN2.M.A","field season","Aedes canadensis","M",1,"Frozen -80C","TALL.2014.18.AEDCAN2.M.A.01",,"TALL.2014.1.Aedes canadensis.Male","NEON.DOC.014049vE",0
"B2894BB4043F4A02B5AB57B3529257C6","D08","TALL",32.948435,-87.428416,"WGS84",0.1,149.7,0.3,"2014-05-08","2014-05-09","TALL.2014.18.AEDJAP.F.A","field season","Aedes japonicus","F",1,"Frozen -80C","TALL.2014.18.AEDJAP.F.A.01",,"TALL.2014.1.Aedes japonicus.Female","NEON.DOC.014049vE",0
"4AC79687ED7043F8A6BA53AE5E3E916B","D08","TALL",32.907894,-87.416008,"WGS84",1293.7,118.8,27.3,"2014-05-08","2014-05-09","TALL.2014.18.ANOBAR.F.A","field season","Anopheles barberi","F",2,"Frozen -80C","TALL.2014.18.ANOBAR.F.A.01",,"TALL.2014.1.Anopheles barberi.Female","NEON.DOC.014049vE",0
"C2875384B0BC42338C8B146408CEC3C6","D08","TALL",32.907758,-87.450338,"WGS84",0.1,127.0,0.2,"2014-05-08","2014-05-09","TALL.2014.18.AEDTHI.F.A","field season","Aedes thibaulti","F",1,"Frozen -80C","TALL.2014.18.AEDTHI.F.A.01",,"TALL.2014.1.Aedes thibaulti.Female","NEON.DOC.014049vE",0
"FB6F9797EB0E43D8A072953AC2214FC9","D08","TALL",32.914360,-87.426322,"WGS84",6763.8,111.7,38.3,"2014-05-08","2014-05-09","TALL.2014.18.AEDSTI.F.A","field season","Aedes sticticus","F",45,"Frozen -80C","TALL.2014.18.AEDSTI.F.A.01",,"TALL.2014.1.Aedes sticticus.Female","NEON.DOC.014049vE",0
"756AF422CF914BE6A93A71AB3107086A","D08","TALL",32.911551,-87.422379,"WGS84",6990.6,113.7,65.7,"2014-05-08","2014-05-09","TALL.2014.18.COQPER.F.A","field season","Coquillettidia perturbans","F",41,"Frozen -80C","TALL.2014.18.COQPER.F.A.01",,"TALL.2014.1.Coquillettidia perturbans.Female","NEON.DOC.014049vE",0
"A032BC28DBC84E35B7B27C45C11FF9AF","D08","TALL",32.914334,-87.413474,"WGS84",0.1,135.8,0.1,"2014-05-08","2014-05-09","TALL.2014.18.AEDALB.F.A","field season","Aedes albopictus","F",3,"Frozen -80C","TALL.2014.18.AEDALB.F.A.01",,"TALL.2014.1.Aedes albopictus.Female","NEON.DOC.014049vE",0
"5DC46BD1DF9040C299F2E52959C27443","D08","TALL",32.918956,-87.417654,"WGS84",6110.1,102.7,43.3,"2014-05-21","2014-05-22","TALL.2014.20.AEDSPP.F.A","field season","Aedes sp.","F",34,"Frozen -80C","TALL.2014.20.AEDSPP.F.A.01",,"TALL.2014.2.Aedes spp.Female","NEON.DOC.014049vE",0
"00B651277DBD47DEA57C36A12B98CF76","D08","TALL",32.918330,-87.420549,"WGS84",6220.5,128.3,51.3,"2014-05-21","2014-05-22","TALL.2014.20.AEDVEX.F.A","field season","Aedes vexans","F",8,"Frozen -80C","TALL.2014.20.AEDVEX.F.A.01",,"TALL.2014.2.Aedes vexans.Female","NEON.DOC.014049vE",0
"D63A604898944E6C99E0C777AF92A4DB","D08","TALL",32.922886,-87.430175,"WGS84",5961.4,93.4,16.4,"2014-05-21","2014-05-22","TALL.2014.20.AEDTRI1.F.A","field season","Aedes triseriatus","F",4,"Frozen -80C","TALL.2014.20.AEDTRI1.F.A.01",,"TALL.2014.2.Aedes triseriatus.Female","NEON.DOC.014049vE",0
"1F35DD9D8AEB47608C51980E0A9EA007","D08","TALL",32.906269,-87.421683,"WGS84",7556.7,104.0,31.9,"2014-05-21","2014-05-22","TALL.2014.20.ANOCRU.F.A","field season","Anopheles crucians","F",34,"Frozen -80C","TALL.2014.20.ANOCRU.F.A.01",,"TALL.2014.2.Anopheles crucians.Female","NEON.DOC.014049vE",0
"959369E9AC734B979163A85AEF20BC62","D08","TALL",32.887446,-87.434633,"WGS84",1589.4,88.0,4.1,"2014-05-21","2014-05-22","TALL.2014.20.CULERR.F.A","field season","Culex erraticus","F",9,"Frozen -80C","TALL.2014.20.CULERR.F.A.01",,"TALL.2014.2.Culex erraticus.Female","NEON.DOC.014049vE",0
"321C4247A00F425CB6AD4401121F7440","D08","TALL",32.912858,-87.421638,"WGS84",6835.6,95.2,30.6,"2014-05-21","2014-05-22","TALL.2014.20.ANOPUN.F.A","field season","Anopheles punctipennis","F",8,"Frozen -80C","TALL.2014.20.ANOPUN.F.A.01",,"TALL.2014.2.Anopheles punctipennis.Female","NEON.DOC.014049vE",0
"B7EBA7ED9C86415BBD048536E30CB091","D08","TALL",32.936852,-87.414133,"WGS84",4258.3,112.2,67.2,"2014-05-21","2014-05-22","TALL.2014.20.ORTSIG.F.A","field season","Orthopodomyia signifera","F",5,"Frozen -80C","TALL.2014.20.ORTSIG.F.A.01",,"TALL.2014.2.Orthopodomyia signifera.Female","NEON.DOC.014049vE",0
"744ADFFF30E24004B40837BF3D07DE33","D08","TALL",32.908355,-87.424296,"WGS84",7372.2,120.5,59.0,"2014-05-21","2014-05-22","TALL.2014.20.COQPER.F.A","field season","Coquillettidia perturbans","F",6,"Frozen -80C","TALL.2014.20.COQPER.F.A.01",,"TALL.2014.2.Coquillettidia perturbans.Female","NEON.DOC.014049vE",0
"53CABC722E2B4415863EDE39C2323215","D08","TALL",32.913423,-87.423408,"WGS84",6805.1,112.5,67.0,"2014-05-21","2014-05-22","TALL.2014.20.AEDCAN2.F.A","field season","Aedes canadensis","F",834,"Frozen -80C","TALL.2014.20.AEDCAN2.F.A.01",,"TALL.2014.2.Aedes canadensis.Female","NEON.DOC.014049vE",0
"4F997E099691460396894B1A7B120EC1","D08","TALL",32.942869,-87.410429,"WGS84",5110.1,96.5,29.2,"2014-05-21","2014-05-22","TALL.2014.20.AEDSTI.F.A","field season","Aedes sticticus","F",9,"Frozen -80C","TALL.2014.20.AEDSTI.F.A.01",,"TALL.2014.2.Aedes sticticus.Female","NEON.DOC.014049vE",0
"7A6931FEF5BD4476B52BC22F91477762","D08","TALL",32.948964,-87.414558,"WGS84",5558.4,82.0,10.1,"2014-05-21","2014-05-22","TALL.2014.20.PSOFER.F.A","field season","Psorophora ferox","F",4,"Frozen -80C","TALL.2014.20.PSOFER.F.A.01",,"TALL.2014.2.Psorophora ferox.Female","NEON.DOC.014049vE",0
"98B5D1B913964B32A4CFE5D84C412500","D08","TALL",32.923034,-87.413517,"WGS84",0.2,179.3,0.2,"2014-05-21","2014-05-22","TALL.2014.20.AEDALB.F.A","field season","Aedes albopictus","F",1,"Frozen -80C","TALL.2014.20.AEDALB.F.A.01",,"TALL.2014.2.Aedes albopictus.Female","NEON.DOC.014049vE",0
"7F43CE537CCE416189066ACA75A72C13","D08","TALL",32.907758,-87.450338,"WGS84",0.1,127.0,0.2,"2014-05-21","2014-05-22","TALL.2014.20.AEDTRI.F.A","field season","Aedes trivittatus","F",1,"Frozen -80C","TALL.2014.20.AEDTRI.F.A.01",,"TALL.2014.2.Aedes trivittatus.Female","NEON.DOC.014049vE",0
"056163A2A20F44F8808711CD5ADF81E6","D08","TALL",32.928240,-87.411703,"WGS84",5032.4,112.9,35.9,"2014-05-21","2014-05-22","TALL.2014.20.CULMEL.F.A","field season","Culiseta melanura","F",3,"Frozen -80C","TALL.2014.20.CULMEL.F.A.01",,"TALL.2014.2.Culiseta melanura.Female","NEON.DOC.014049vE",0
"AF179420477F44DD9F1D496E098A082B","D08","TALL",32.925669,-87.422396,"WGS84",5458.8,104.1,75.4,"2014-06-04","2014-06-05","TALL.2014.22.AEDSPP.F.A","field season","Aedes sp.","F",72,"Frozen -80C","TALL.2014.22.AEDSPP.F.A.01",,"TALL.2014.3.Aedes spp.Female","NEON.DOC.014049vE",0
"40C516E9F99D4A30B4B877FC7C9BB50C","D08","TALL",32.907154,-87.422394,"WGS84",4611.1,126.3,53.1,"2014-06-04","2014-06-05","TALL.2014.22.COQPER.F.A","field season","Coquillettidia perturbans","F",7,"Frozen -80C","TALL.2014.22.COQPER.F.A.01",,"TALL.2014.3.Coquillettidia perturbans.Female","NEON.DOC.014049vE",0
"87A5F3A16B6941D5925BCA7AB214F972","D08","TALL",32.905825,-87.427067,"WGS84",2264.1,114.1,31.9,"2014-06-04","2014-06-05","TALL.2014.22.PSOFER.F.A","field season","Psorophora ferox","F",4,"Frozen -80C","TALL.2014.22.PSOFER.F.A.01",,"TALL.2014.3.Psorophora ferox.Female","NEON.DOC.014049vE",0
"9F307D2176DB41FCBA6A48BF03FB92CB","D08","TALL",32.896718,-87.435952,"WGS84",1733.6,93.4,9.2,"2014-06-04","2014-06-05","TALL.2014.22.CULERR.F.A","field season","Culex erraticus","F",5,"Frozen -80C","TALL.2014.22.CULERR.F.A.01",,"TALL.2014.3.Culex erraticus.Female","NEON.DOC.014049vE",0
"60AC49914C5C46568D40D7409D2E521B","D08","TALL",32.973570,-87.408875,"WGS84",0.1,77.1,0.1,"2014-06-04","2014-06-05","TALL.2014.22.PSOSPP.F.A","field season","Psorophora sp.","F",2,"Frozen -80C","TALL.2014.22.PSOSPP.F.A.01",,"TALL.2014.3.Psorophora spp.Female","NEON.DOC.014049vE",0
"F652F1A579D341CC988EA064BAF6B417","D08","TALL",32.896718,-87.435952,"WGS84",1733.6,93.4,9.2,"2014-06-04","2014-06-05","TALL.2014.22.AEDATL.F.A","field season","Aedes atlanticus","F",4,"Frozen -80C","TALL.2014.22.AEDATL.F.A.01",,"TALL.2014.3.Aedes atlanticus.Female","NEON.DOC.014049vE",0
"DCFD3F8476F0416B97BE642F47BAD601","D08","TALL",32.973570,-87.408875,"WGS84",0.1,77.1,0.1,"2014-06-04","2014-06-05","TALL.2014.22.CULSPP.F.A","field season","Culicidae sp.","F",10,"Frozen -80C","TALL.2014.22.CULSPP.F.A.01",,"TALL.2014.3.Culicidae.Female","NEON.DOC.014049vE",0
"9D39C4D66B2F4B8D99F27F7BCACDCA7C","D08","TALL",32.914334,-87.413474,"WGS84",0.1,135.8,0.1,"2014-06-04","2014-06-05","TALL.2014.22.ANOQUA.F.A","field season","Anopheles quadrimaculatus","F",1,"Frozen -80C","TALL.2014.22.ANOQUA.F.A.01",,"TALL.2014.3.Anopheles quadrimaculatus.Female","NEON.DOC.014049vE",0
"E389218A67F947A89E4D836AE3A07597","D08","TALL",32.905179,-87.419310,"WGS84",1724.9,109.8,36.2,"2014-06-04","2014-06-05","TALL.2014.22.CULSPP3.F.A","field season","Culex sp.","F",3,"Frozen -80C","TALL.2014.22.CULSPP3.F.A.01",,"TALL.2014.3.Culex spp.Female","NEON.DOC.014049vE",0
"CB04B63489684B03BA89A610411A6663","D08","TALL",32.896817,-87.412758,"WGS84",0.1,125.7,0.1,"2014-06-04","2014-06-05","TALL.2014.22.ANOCRU.F.A","field season","Anopheles crucians","F",3,"Frozen -80C","TALL.2014.22.ANOCRU.F.A.01",,"TALL.2014.3.Anopheles crucians.Female","NEON.DOC.014049vE",0
"D85ABAD847124C8EBF43C7D4BD8E34C6","D08","TALL",32.910806,-87.409609,"WGS84",1578.7,138.3,12.8,"2014-06-04","2014-06-05","TALL.2014.22.AEDVEX.F.A","field season","Aedes vexans","F",7,"Frozen -80C","TALL.2014.22.AEDVEX.F.A.01",,"TALL.2014.3.Aedes vexans.Female","NEON.DOC.014049vE",0
"DD0803266C5D404D89C12DF960B7FF32","D08","TALL",32.913656,-87.426395,"WGS84",6841.2,110.6,39.4,"2014-06-04","2014-06-05","TALL.2014.22.AEDCAN2.F.A","field season","Aedes canadensis","F",552,"Frozen -80C","TALL.2014.22.AEDCAN2.F.A.01",,"TALL.2014.3.Aedes canadensis.Female","NEON.DOC.014049vE",0
"D5D8FA015FBE4FCA90E441D4BBB6D22D","D08","TALL",32.923067,-87.420452,"WGS84",5702.6,99.7,36.3,"2014-06-04","2014-06-05","TALL.2014.22.AEDTRI1.F.A","field season","Aedes triseriatus","F",3,"Frozen -80C","TALL.2014.22.AEDTRI1.F.A.01",,"TALL.2014.3.Aedes triseriatus.Female","NEON.DOC.014049vE",0
"0E725C8446434D63B67C64185AFF0540","D08","TALL",32.973570,-87.408875,"WGS84",0.1,77.1,0.1,"2014-06-04","2014-06-05","TALL.2014.22.AEDSTI.F.A","field season","Aedes sticticus","F",1,"Frozen -80C","TALL.2014.22.AEDSTI.F.A.01",,"TALL.2014.3.Aedes sticticus.Female","NEON.DOC.014049vE",0
"EFA5EC6163294EBFB5CA5CB99810FCB5","D08","TALL",32.914334,-87.413474,"WGS84",0.1,135.8,0.1,"2014-06-04","2014-06-05","TALL.2014.22.CULMEL.F.A","field season","Culiseta melanura","F",1,"Frozen -80C","TALL.2014.22.CULMEL.F.A.01",,"TALL.2014.3.Culiseta melanura.Female","NEON.DOC.014049vE",0
"F42C1D9918D04150BF627FC47B0DBA70","D08","TALL",32.896817,-87.412758,"WGS84",0.1,125.7,0.1,"2014-06-20","2014-06-21","TALL.2014.24.ANOCRU.F.A","field season","Anopheles crucians","F",2,"Frozen -80C","TALL.2014.24.ANOCRU.F.A.01",,"TALL.2014.4.Anopheles crucians.Female","NEON.DOC.014049vE",0
"2B74767A896745E886372ACA25C05FAA","D08","TALL",32.903494,-87.432728,"WGS84",1141.0,96.0,6.6,"2014-06-20","2014-06-21","TALL.2014.24.AEDATL.F.A","field season","Aedes atlanticus","F",22,"Frozen -80C","TALL.2014.24.AEDATL.F.A.01",,"TALL.2014.4.Aedes atlanticus.Female","NEON.DOC.014049vE",0
"32567D5B945D415AB3F72A606064D218","D08","TALL",32.923034,-87.413517,"WGS84",0.2,179.3,0.2,"2014-06-20","2014-06-21","TALL.2014.24.ORTSIG.F.A","field season","Orthopodomyia signifera","F",1,"Frozen -80C","TALL.2014.24.ORTSIG.F.A.01",,"TALL.2014.4.Orthopodomyia signifera.Female","NEON.DOC.014049vE",0
"74D762777C554ACFAA82EF80756684DC","D08","TALL",32.913391,-87.427937,"WGS84",6905.5,103.4,76.1,"2014-06-20","2014-06-21","TALL.2014.24.AEDCAN2.F.A","field season","Aedes canadensis","F",156,"Frozen -80C","TALL.2014.24.AEDCAN2.F.A.01",,"TALL.2014.4.Aedes canadensis.Female","NEON.DOC.014049vE",0
"D59186D99F0144CF84CB302B04BA62AA","D08","TALL",32.899750,-87.425914,"WGS84",0.2,91.8,0.3,"2014-06-20","2014-06-21","TALL.2014.24.PSOFER.F.A","field season","Psorophora ferox","F",4,"Frozen -80C","TALL.2014.24.PSOFER.F.A.01",,"TALL.2014.4.Psorophora ferox.Female","NEON.DOC.014049vE",0
"7B6E3804C6F84413BC6D9E90C49F1208","D08","TALL",32.909110,-87.442949,"WGS84",0.2,102.3,0.3,"2014-06-20","2014-06-21","TALL.2014.24.ANOBAR.F.A","field season","Anopheles barberi","F",1,"Frozen -80C","TALL.2014.24.ANOBAR.F.A.01",,"TALL.2014.4.Anopheles barberi.Female","NEON.DOC.014049vE",0
"CECB425F025645BB858E36207EE9D590","D08","TALL",32.909110,-87.442949,"WGS84",0.2,102.3,0.3,"2014-06-20","2014-06-21","TALL.2014.24.AEDSPP.M.A","field season","Aedes sp.","M",1,"Frozen -80C","TALL.2014.24.AEDSPP.M.A.01",,"TALL.2014.4.Aedes spp.Male","NEON.DOC.014049vE",0
"82CC64F84EB14B94A5B69FC883DD7B9C","D08","TALL",32.915107,-87.426326,"WGS84",6683.6,98.6,37.4,"2014-06-20","2014-06-21","TALL.2014.24.AEDSPP.F.A","field season","Aedes sp.","F",48,"Frozen -80C","TALL.2014.24.AEDSPP.F.A.01",,"TALL.2014.4.Aedes spp.Female","NEON.DOC.014049vE",0
"5A0F9277D1E848E2A3B2F3D930F88BFE","D08","TALL",32.907398,-87.433915,"WGS84",4578.5,109.3,40.7,"2014-06-20","2014-06-21","TALL.2014.24.CULERR.F.A","field season","Culex erraticus","F",5,"Frozen -80C","TALL.2014.24.CULERR.F.A.01",,"TALL.2014.4.Culex erraticus.Female","NEON.DOC.014049vE",0
"AA9E9CA5F73D478DAC9504A01180A1A2","D08","TALL",32.936660,-87.417398,"WGS84",4168.8,84.5,7.5,"2014-06-20","2014-06-21","TALL.2014.24.CULMEL.F.A","field season","Culiseta melanura","F",2,"Frozen -80C","TALL.2014.24.CULMEL.F.A.01",,"TALL.2014.4.Culiseta melanura.Female","NEON.DOC.014049vE",0
"C4EFC0E7767147418EF503CF50C80D18","D08","TALL",32.911011,-87.420232,"WGS84",7016.3,115.6,38.6,"2014-06-20","2014-06-21","TALL.2014.24.AEDVEX.F.A","field season","Aedes vexans","F",9,"Frozen -80C","TALL.2014.24.AEDVEX.F.A.01",,"TALL.2014.4.Aedes vexans.Female","NEON.DOC.014049vE",0
"F3FFA8D4F36140C7BE844F39A8D6EBBB","D08","TALL",32.905885,-87.426402,"WGS84",4721.0,122.2,57.2,"2014-06-20","2014-06-21","TALL.2014.24.COQPER.F.A","field season","Coquillettidia perturbans","F",14,"Frozen -80C","TALL.2014.24.COQPER.F.A.01",,"TALL.2014.4.Coquillettidia perturbans.Female","NEON.DOC.014049vE",0
"90E43557F60C44E4BBF582BB4899EB8F","D08","TALL",32.934079,-87.411942,"WGS84",4387.5,116.3,39.3,"2014-06-20","2014-06-21","TALL.2014.24.AEDALB.F.A","field season","Aedes albopictus","F",3,"Frozen -80C","TALL.2014.24.AEDALB.F.A.01",,"TALL.2014.4.Aedes albopictus.Female","NEON.DOC.014049vE",0
"F1340E613FF648BCA760C8923B2BBD5A","D08","TALL",32.889789,-87.429165,"WGS84",1721.1,97.4,28.4,"2014-07-02","2014-07-03","TALL.2014.26.CULERR.F.A","field season","Culex erraticus","F",13,"Frozen -80C","TALL.2014.26.CULERR.F.A.01",,"TALL.2014.5.Culex erraticus.Female","NEON.DOC.014049vE",0
"7D3A1CD439BF4C63B4BF67F134A4BEFC","D08","TALL",32.924051,-87.414959,"WGS84",5519.2,125.0,48.0,"2014-07-02","2014-07-03","TALL.2014.26.AEDVEX.F.A","field season","Aedes vexans","F",6,"Frozen -80C","TALL.2014.26.AEDVEX.F.A.01",,"TALL.2014.5.Aedes vexans.Female","NEON.DOC.014049vE",0
"5E250DA830AC4C8D9A8042575D00EEB8","D08","TALL",32.909110,-87.442949,"WGS84",0.2,102.3,0.3,"2014-07-02","2014-07-03","TALL.2014.26.AEDALB.F.A","field season","Aedes albopictus","F",1,"Frozen -80C","TALL.2014.26.AEDALB.F.A.01",,"TALL.2014.5.Aedes albopictus.Female","NEON.DOC.014049vE",0
"676BB263390845EAB7CA9909A8140BDD","D08","TALL",32.919615,-87.423786,"WGS84",6141.9,101.1,44.9,"2014-07-02","2014-07-03","TALL.2014.26.AEDSPP.F.A","field season","Aedes sp.","F",35,"Frozen -80C","TALL.2014.26.AEDSPP.F.A.01",,"TALL.2014.5.Aedes spp.Female","NEON.DOC.014049vE",0
"118D6E909DF94DC5AABF324BE04278A1","D08","TALL",32.923034,-87.413517,"WGS84",0.2,179.3,0.2,"2014-07-02","2014-07-03","TALL.2014.26.CULMEL.F.A","field season","Culiseta melanura","F",4,"Frozen -80C","TALL.2014.26.CULMEL.F.A.01",,"TALL.2014.5.Culiseta melanura.Female","NEON.DOC.014049vE",0
"DE9B5900AE0B4501B42B4048C0134AF0","D08","TALL",32.923429,-87.424783,"WGS84",5754.3,106.7,39.3,"2014-07-02","2014-07-03","TALL.2014.26.AEDCAN2.F.A","field season","Aedes canadensis","F",57,"Frozen -80C","TALL.2014.26.AEDCAN2.F.A.01",,"TALL.2014.5.Aedes canadensis.Female","NEON.DOC.014049vE",0
"529722A3878643F4BC5EE40FFB7C5BF6","D08","TALL",32.973570,-87.408875,"WGS84",0.1,77.1,0.1,"2014-07-02","2014-07-03","TALL.2014.26.PSOCIL.F.A","field season","Psorophora ciliata","F",1,"Frozen -80C","TALL.2014.26.PSOCIL.F.A.01",,"TALL.2014.5.Psorophora ciliata.Female","NEON.DOC.014049vE",0
"7742DA66FA524935901B3E53FF7F3971","D08","TALL",32.923635,-87.417994,"WGS84",5601.3,103.0,43.0,"2014-07-02","2014-07-03","TALL.2014.26.PSOFER.F.A","field season","Psorophora ferox","F",4,"Frozen -80C","TALL.2014.26.PSOFER.F.A.01",,"TALL.2014.5.Psorophora ferox.Female","NEON.DOC.014049vE",0
"1FC7A28FD7B44B7B83ED69323F83C896","D08","TALL",32.899750,-87.425914,"WGS84",0.2,91.8,0.3,"2014-07-02","2014-07-03","TALL.2014.26.AEDTRI1.F.A","field season","Aedes triseriatus","F",3,"Frozen -80C","TALL.2014.26.AEDTRI1.F.A.01",,"TALL.2014.5.Aedes triseriatus.Female","NEON.DOC.014049vE",0
"14AEBAAEF916435DB32ECFDFFBD6EEBE","D08","TALL",32.905871,-87.433196,"WGS84",2069.3,114.7,23.2,"2014-07-02","2014-07-03","TALL.2014.26.AEDATL.F.A","field season","Aedes atlanticus","F",6,"Frozen -80C","TALL.2014.26.AEDATL.F.A.01",,"TALL.2014.5.Aedes atlanticus.Female","NEON.DOC.014049vE",0
"D595F02726B34632A199F7047ECF015B","D08","TALL",32.914334,-87.413474,"WGS84",0.1,135.8,0.1,"2014-07-02","2014-07-03","TALL.2014.26.ORTSIG.F.A","field season","Orthopodomyia signifera","F",2,"Frozen -80C","TALL.2014.26.ORTSIG.F.A.01",,"TALL.2014.5.Ornithoptera signifera.Female|TALL.2014.5.Orthopodomyia signifera.Female","NEON.DOC.014049vE",0
"09C640E78D514730BCDD03F5F7A0EF07","D08","TALL",32.907758,-87.450338,"WGS84",0.1,127.0,0.2,"2014-07-16","2014-07-18","TALL.2014.28.AEDALB.F.A","field season","Aedes albopictus","F",1,"Frozen -80C","TALL.2014.28.AEDALB.F.A.01",,"TALL.2014.6.Aedes albopictus.Female","NEON.DOC.014049vE",0
"F1E779B0B37D46B68D655228C25B0316","D08","TALL",32.923323,-87.426972,"WGS84",5821.7,94.1,33.0,"2014-07-16","2014-07-18","TALL.2014.28.AEDSPP.F.A","field season","Aedes sp.","F",25,"Frozen -80C","TALL.2014.28.AEDSPP.F.A.01",,"TALL.2014.6.Aedes spp.Female","NEON.DOC.014049vE",0
"8941B9DA21BA4ADB87F88D9A3C782445","D08","TALL",32.904430,-87.434431,"WGS84",950.8,97.0,5.5,"2014-07-16","2014-07-18","TALL.2014.28.PSOFER.F.A","field season","Psorophora ferox","F",3,"Frozen -80C","TALL.2014.28.PSOFER.F.A.01",,"TALL.2014.6.Psorophora ferox.Female","NEON.DOC.014049vE",0
"DD20EACC58604521AF85E2AD0F2AD076","D08","TALL",32.905171,-87.422679,"WGS84",3055.5,126.9,52.6,"2014-07-16","2014-07-18","TALL.2014.28.COQPER.F.A","field season","Coquillettidia perturbans","F",9,"Frozen -80C","TALL.2014.28.COQPER.F.A.01",,"TALL.2014.6.Coquillettidia perturbans.Female","NEON.DOC.014049vE",0
"87886BD64DA749EFA3BB8DF493F7DCFF","D08","TALL",32.923034,-87.413517,"WGS84",0.2,179.3,0.2,"2014-07-16","2014-07-18","TALL.2014.28.ORTSIG.F.A","field season","Orthopodomyia signifera","F",2,"Frozen -80C","TALL.2014.28.ORTSIG.F.A.01",,"TALL.2014.6.Ornithoptera signifera.Female|TALL.2014.6.Orthopodomyia signifera.Female","NEON.DOC.014049vE",0
"C25501D71E1347B79E6950E551DFB200","D08","TALL",32.905454,-87.422212,"WGS84",7653.8,102.5,33.5,"2014-07-16","2014-07-18","TALL.2014.28.CULERR.F.A","field season","Culex erraticus","F",19,"Frozen -80C","TALL.2014.28.CULERR.F.A.01",,"TALL.2014.6.Culex erraticus.Female","NEON.DOC.014049vE",0
"B8F2D611850247468E075E5858EA0EC4","D08","TALL",32.899750,-87.425914,"WGS84",0.2,91.8,0.3,"2014-07-16","2014-07-18","TALL.2014.28.AEDATL.F.A","field season","Aedes atlanticus","F",10,"Frozen -80C","TALL.2014.28.AEDATL.F.A.01",,"TALL.2014.6.Aedes atlanticus.Female","NEON.DOC.014049vE",0
"A606B0812F314D7EB2E852233DFED4CF","D08","TALL",32.936660,-87.417398,"WGS84",4168.8,84.5,7.5,"2014-07-16","2014-07-18","TALL.2014.28.AEDCAN2.F.A","field season","Aedes canadensis","F",4,"Frozen -80C","TALL.2014.28.AEDCAN2.F.A.01",,"TALL.2014.6.Aedes canadensis.Female","NEON.DOC.014049vE",0
"A7C22EE99F8144BAA045EBCE9AD417F2","D08","TALL",32.907758,-87.450338,"WGS84",0.1,127.0,0.2,"2014-08-01","2014-08-02","TALL.2014.30.ANOPUN.F.A","field season","Anopheles punctipennis","F",1,"Frozen -80C","TALL.2014.30.ANOPUN.F.A.01",,"TALL.2014.7.Anopheles punctipennis.Female","NEON.DOC.014049vE",0
"6CDDD81779C748B793660C691D47CFB3","D08","TALL",32.911899,-87.428221,"WGS84",2118.8,136.4,9.6,"2014-08-01","2014-08-02","TALL.2014.30.AEDALB.F.A","field season","Aedes albopictus","F",2,"Frozen -80C","TALL.2014.30.AEDALB.F.A.01",,"TALL.2014.7.Aedes albopictus.Female","NEON.DOC.014049vE",0
"DF71CAFF9F4E4FA4BD246A34ED00C5BE","D08","TALL",32.899750,-87.425914,"WGS84",0.2,91.8,0.3,"2014-08-01","2014-08-02","TALL.2014.30.AEDCAN2.F.A","field season","Aedes canadensis","F",1,"Frozen -80C","TALL.2014.30.AEDCAN2.F.A.01",,"TALL.2014.7.Aedes canadensis.Female","NEON.DOC.014049vE",0
"F9669985D18C4FD1A5A0E5D36E9812F1","D08","TALL",32.899750,-87.425914,"WGS84",0.2,91.8,0.3,"2014-08-01","2014-08-02","TALL.2014.30.AEDSPP.F.A","field season","Aedes sp.","F",2,"Frozen -80C","TALL.2014.30.AEDSPP.F.A.01",,"TALL.2014.7.Aedes spp.Female","NEON.DOC.014049vE",0
"74DF1ADB11584DA5BDEE36A7CC5E9C7D","D08","TALL",32.899750,-87.425914,"WGS84",0.2,91.8,0.3,"2014-08-01","2014-08-02","TALL.2014.30.PSOFER.F.A","field season","Psorophora ferox","F",1,"Frozen -80C","TALL.2014.30.PSOFER.F.A.01",,"TALL.2014.7.Psorophora ferox.Female","NEON.DOC.014049vE",0
"6098C1923C2E4A2AA1814796473B8F9F","D08","TALL",32.897111,-87.426551,"WGS84",2839.1,112.6,33.4,"2014-08-01","2014-08-02","TALL.2014.30.COQPER.F.A","field season","Coquillettidia perturbans","F",9,"Frozen -80C","TALL.2014.30.COQPER.F.A.01",,"TALL.2014.7.Coquillettidia perturbans.Female","NEON.DOC.014049vE",0
"CD924A24689C4689A353D224B138CFB8","D08","TALL",32.899750,-87.425914,"WGS84",0.2,91.8,0.3,"2014-08-01","2014-08-02","TALL.2014.30.AEDATL.F.A","field season","Aedes atlanticus","F",2,"Frozen -80C","TALL.2014.30.AEDATL.F.A.01",,"TALL.2014.7.Aedes atlanticus.Female","NEON.DOC.014049vE",0
"899AA0079CFA4E31B7DD5C01F78A52B2","D08","TALL",32.900478,-87.433727,"WGS84",2438.7,113.1,27.2,"2014-08-01","2014-08-02","TALL.2014.30.AEDVEX.F.A","field season","Aedes vexans","F",23,"Frozen -80C","TALL.2014.30.AEDVEX.F.A.01",,"TALL.2014.7.Aedes vexans.Female","NEON.DOC.014049vE",0
"3EA78C4546234AE182CF948D57F74B99","D08","TALL",32.909695,-87.423072,"WGS84",7204.7,111.9,34.9,"2014-08-01","2014-08-02","TALL.2014.30.CULERR.F.A","field season","Culex erraticus","F",10,"Frozen -80C","TALL.2014.30.CULERR.F.A.01",,"TALL.2014.7.Culex erraticus.Female","NEON.DOC.014049vE",0
"DB48B538876D4D9189CF2F54D44B4742","D08","TALL",32.936660,-87.417398,"WGS84",4168.8,84.5,7.5,"2014-08-01","2014-08-02","TALL.2014.30.ORTSIG.F.A","field season","Orthopodomyia signifera","F",4,"Frozen -80C","TALL.2014.30.ORTSIG.F.A.01",,"TALL.2014.7.Ornithoptera signifera.Female|TALL.2014.7.Orthopodomyia signifera.Female","NEON.DOC.014049vE",0
"7913D3AB8EE241AB95EAAA53E1B44689","D08","TALL",32.889056,-87.425876,"WGS84",1498.6,105.9,19.9,"2014-08-01","2014-08-02","TALL.2014.30.ANOCRU.F.A","field season","Anopheles crucians","F",5,"Frozen -80C","TALL.2014.30.ANOCRU.F.A.01",,"TALL.2014.7.Anopheles crucians.Female","NEON.DOC.014049vE",0
"8761121ABC5642FD99AAECA8F2B5810F","D08","TALL",32.916037,-87.406101,"WGS84",0.2,145.8,0.2,"2014-08-15","2014-08-16","TALL.2014.32.ANOPUN.F.A","field season","Anopheles punctipennis","F",1,"Frozen -80C","TALL.2014.32.ANOPUN.F.A.01",,"TALL.2014.8.Anopheles punctipennis.Female","NEON.DOC.014049vE",0
"7699A7A4F4BC4370BC459F6BF93C220F","D08","TALL",32.911871,-87.421797,"WGS84",6946.0,106.0,40.1,"2014-08-15","2014-08-16","TALL.2014.32.CULERR.F.A","field season","Culex erraticus","F",6,"Frozen -80C","TALL.2014.32.CULERR.F.A.01",,"TALL.2014.8.Culex erraticus.Female","NEON.DOC.014049vE",0
"8FD72C99A5A04C13879997C7A8BD92A1","D08","TALL",32.973570,-87.408875,"WGS84",0.1,77.1,0.1,"2014-08-15","2014-08-16","TALL.2014.32.PSOFER.F.A","field season","Psorophora ferox","F",1,"Frozen -80C","TALL.2014.32.PSOFER.F.A.01",,"TALL.2014.8.Psorophora ferox.Female","NEON.DOC.014049vE",0
"22E5707FFD004FA69A4D08553F3CCA42","D08","TALL",32.896817,-87.412758,"WGS84",0.1,125.7,0.1,"2014-08-15","2014-08-16","TALL.2014.32.AEDALB.F.A","field season","Aedes albopictus","F",1,"Frozen -80C","TALL.2014.32.AEDALB.F.A.01",,"TALL.2014.8.Aedes albopictus.Female","NEON.DOC.014049vE",0
"863C3199071545B48E23A5303BB3A0E4","D08","TALL",32.904202,-87.414925,"WGS84",1550.1,121.1,29.6,"2014-08-15","2014-08-16","TALL.2014.32.COQPER.F.A","field season","Coquillettidia perturbans","F",13,"Frozen -80C","TALL.2014.32.COQPER.F.A.01",,"TALL.2014.8.Coquillettidia perturbans.Female","NEON.DOC.014049vE",0
"A69EA9BF5EA841ABA1603FED32897131","D08","TALL",32.881294,-87.438992,"WGS84",0.2,86.1,0.2,"2014-08-15","2014-08-16","TALL.2014.32.ANOSPP1.F.A","field season","Anopheles sp.","F",1,"Frozen -80C","TALL.2014.32.ANOSPP1.F.A.01",,"TALL.2014.8.Anopheles spp.Female","NEON.DOC.014049vE",0
"8C7A0090D58E477DA3567C385AEF2EA3","D08","TALL",32.889056,-87.425876,"WGS84",1498.6,105.9,19.9,"2014-08-15","2014-08-16","TALL.2014.32.ANOCRU.F.A","field season","Anopheles crucians","F",14,"Frozen -80C","TALL.2014.32.ANOCRU.F.A.01",,"TALL.2014.8.Anopheles crucians.Female","NEON.DOC.014049vE",0
"12A8B0B4C955422186769E58CDBD254D","D08","TALL",32.899750,-87.425914,"WGS84",0.2,91.8,0.3,"2014-08-15","2014-08-16","TALL.2014.32.AEDSPP.F.A","field season","Aedes sp.","F",1,"Frozen -80C","TALL.2014.32.AEDSPP.F.A.01",,"TALL.2014.8.Aedes spp.Female","NEON.DOC.014049vE",0
"F503AFB3CA6E495CB81C6101F6ABE63B","D08","TALL",32.936660,-87.417398,"WGS84",4168.8,84.5,7.5,"2014-08-15","2014-08-16","TALL.2014.32.AEDATL.F.A","field season","Aedes atlanticus","F",2,"Frozen -80C","TALL.2014.32.AEDATL.F.A.01",,"TALL.2014.8.Aedes atlanticus.Female","NEON.DOC.014049vE",0
"42F16CF1CF0B486297BFD1D6AC1B5C65","D08","TALL",32.898050,-87.421286,"WGS84",2488.8,113.9,32.2,"2014-08-29","2014-08-30","TALL.2014.34.COQPER.F.A","field season","Coquillettidia perturbans","F",6,"Frozen -80C","TALL.2014.34.COQPER.F.A.01",,"TALL.2014.9.Coquillettidia perturbans.Female","NEON.DOC.014049vE",0
"99E2621E7EF64513BE05259F87A0808F","D08","TALL",32.912764,-87.422601,"WGS84",6862.2,104.8,41.2,"2014-08-29","2014-08-30","TALL.2014.34.CULERR.F.A","field season","Culex erraticus","F",1,"Frozen -80C","TALL.2014.34.CULERR.F.A.01",,"TALL.2014.9.Culex erraticus.Female","NEON.DOC.014049vE",0
"A3022321D0954A3AAB1FA682E646E0DD","D08","TALL",32.923034,-87.413517,"WGS84",0.2,179.3,0.2,"2014-08-29","2014-08-30","TALL.2014.34.AEDSPP.F.A","field season","Aedes sp.","F",1,"Frozen -80C","TALL.2014.34.AEDSPP.F.A.01",,"TALL.2014.9.Aedes spp.Female","NEON.DOC.014049vE",0
"33343726148D4A4C8A29C13EFCA7BB24","D08","TALL",32.898284,-87.419336,"WGS84",636.5,108.7,17.1,"2014-08-29","2014-08-30","TALL.2014.34.ANOCRU.F.A","field season","Anopheles crucians","F",30,"Frozen -80C","TALL.2014.34.ANOCRU.F.A.01",,"TALL.2014.9.Anopheles crucians.Female","NEON.DOC.014049vE",0
"BC36A97A86BE4170904AFDF7C33B9463","D08","TALL",32.907758,-87.450338,"WGS84",0.1,127.0,0.2,"2014-08-29","2014-08-30","TALL.2014.34.AEDALB.F.A","field season","Aedes albopictus","F",2,"Frozen -80C","TALL.2014.34.AEDALB.F.A.01",,"TALL.2014.9.Aedes albopictus.Female","NEON.DOC.014049vE",0
"B6DBAE5518E841AFAEF14925C23860EB","D08","TALL",32.928808,-87.409245,"WGS84",4962.6,116.2,39.2,"2014-08-29","2014-08-30","TALL.2014.34.AEDVEX.F.A","field season","Aedes vexans","F",5,"Frozen -80C","TALL.2014.34.AEDVEX.F.A.01",,"TALL.2014.9.Aedes vexans.Female","NEON.DOC.014049vE",0
"55E95B96D95E43939B962EB6D93E73F9","D08","TALL",32.901930,-87.416226,"WGS84",1399.1,119.7,28.2,"2014-09-12","2014-09-13","TALL.2014.36.ANOCRU.F.A","field season","Anopheles crucians","F",5,"Frozen -80C","TALL.2014.36.ANOCRU.F.A.01",,"TALL.2014.10.Anopheles crucians.Female","NEON.DOC.014049vE",0
"E47D9C21B7484E688D71C26970104214","D08","TALL",32.911066,-87.421514,"WGS84",7029.4,110.7,35.3,"2014-09-12","2014-09-13","TALL.2014.36.CULERR.F.A","field season","Culex erraticus","F",196,"Frozen -80C","TALL.2014.36.CULERR.F.A.01",,"TALL.2014.10.Culex erraticus.Female","NEON.DOC.014049vE",0
"8A9370C4B0074CFCB7979F84BB7BDEC2","D08","TALL",32.899750,-87.425914,"WGS84",0.2,91.8,0.3,"2014-09-12","2014-09-13","TALL.2014.36.AEDSPP.F.A","field season","Aedes sp.","F",2,"Frozen -80C","TALL.2014.36.AEDSPP.F.A.01",,"TALL.2014.10.Aedes spp.Female","NEON.DOC.014049vE",0
"00B5A8B7A16D4A2BBDFBED2EEAF212F3","D08","TALL",32.906508,-87.419678,"WGS84",7503.0,112.9,35.9,"2014-09-12","2014-09-13","TALL.2014.36.COQPER.F.A","field season","Coquillettidia perturbans","F",69,"Frozen -80C","TALL.2014.36.COQPER.F.A.01",,"TALL.2014.10.Coquillettidia perturbans.Female","NEON.DOC.014049vE",0
"55432A26D90F4E33BDFB42110C9AAB22","D08","TALL",32.896817,-87.412758,"WGS84",0.1,125.7,0.1,"2014-09-12","2014-09-13","TALL.2014.36.ANOSPP1.F.A","field season","Anopheles sp.","F",1,"Frozen -80C","TALL.2014.36.ANOSPP1.F.A.01",,"TALL.2014.10.Anopheles spp.Female","NEON.DOC.014049vE",0
"CD28AB2F06B64C37A5B5985CFA8334C0","D08","TALL",32.912711,-87.423305,"WGS84",2587.0,136.2,9.8,"2014-09-12","2014-09-13","TALL.2014.36.AEDVEX.F.A","field season","Aedes vexans","F",3,"Frozen -80C","TALL.2014.36.AEDVEX.F.A.01",,"TALL.2014.10.Aedes vexans.Female","NEON.DOC.014049vE",0
"4D5759B75558469BB9E484EEE6A7E1EC","D08","TALL",32.899750,-87.425914,"WGS84",0.2,91.8,0.3,"2014-09-12","2014-09-13","TALL.2014.36.PSOFER.F.A","field season","Psorophora ferox","F",1,"Frozen -80C","TALL.2014.36.PSOFER.F.A.01",,"TALL.2014.10.Psorophora ferox.Female","NEON.DOC.014049vE",0
"3F0CEB1890EA4A75A4FF820FD04C7B2A","D08","TALL",32.899750,-87.425914,"WGS84",0.2,91.8,0.3,"2014-09-26","2014-09-27","TALL.2014.38.AEDINF.F.A","field season","Aedes infirmatus","F",1,"Frozen -80C","TALL.2014.38.AEDINF.F.A.01",,"TALL.2014.11.Aedes infirmatus.Female","NEON.DOC.014049vE",0
"D283EC67D576474585ACE2DE4A4162F0","D08","TALL",32.916384,-87.421273,"WGS84",6444.8,108.2,71.2,"2014-09-26","2014-09-27","TALL.2014.38.CULERR.F.A","field season","Culex erraticus","F",116,"Frozen -80C","TALL.2014.38.CULERR.F.A.01",,"TALL.2014.11.Culex erraticus.Female","NEON.DOC.014049vE",0
"335A451E209D4CF380FBE3364D0B14CB","D08","TALL",32.899750,-87.425914,"WGS84",0.2,91.8,0.3,"2014-09-26","2014-09-27","TALL.2014.38.CULMEL.F.A","field season","Culiseta melanura","F",1,"Frozen -80C","TALL.2014.38.CULMEL.F.A.01",,"TALL.2014.11.Culiseta melanura.Female","NEON.DOC.014049vE",0
"7A1BA18EC3B3468BB42E5ACA08E3AFC3","D08","TALL",32.919024,-87.423119,"WGS84",6192.0,131.2,54.3,"2014-09-26","2014-09-27","TALL.2014.38.AEDVEX.F.A","field season","Aedes vexans","F",92,"Frozen -80C","TALL.2014.38.AEDVEX.F.A.01",,"TALL.2014.11.Aedes vexans.Female","NEON.DOC.014049vE",0
"AE6ECBD7EBBF408990AB73E571493411","D08","TALL",32.896817,-87.412758,"WGS84",0.1,125.7,0.1,"2014-09-26","2014-09-27","TALL.2014.38.PSOCOL.F.A","field season","Psorophora columbiae","F",1,"Frozen -80C","TALL.2014.38.PSOCOL.F.A.01",,"TALL.2014.11.Psorophora columbiae.Female","NEON.DOC.014049vE",0
"1AC088AD0FAB44CD9588D0B04F831BD5","D08","TALL",32.896817,-87.412758,"WGS84",0.1,125.7,0.1,"2014-09-26","2014-09-27","TALL.2014.38.ANOQUA.F.A","field season","Anopheles quadrimaculatus","F",1,"Frozen -80C","TALL.2014.38.ANOQUA.F.A.01",,"TALL.2014.11.Anopheles quadrimaculatus.Female","NEON.DOC.014049vE",0
"862358F095EB4618893E96E8326FE6D4","D08","TALL",32.901698,-87.431812,"WGS84",2882.5,119.6,33.8,"2014-09-26","2014-09-27","TALL.2014.38.ANOPUN.F.A","field season","Anopheles punctipennis","F",4,"Frozen -80C","TALL.2014.38.ANOPUN.F.A.01",,"TALL.2014.11.Anopheles punctipennis.Female","NEON.DOC.014049vE",0
"824A6F491C05427B8DB5756C7C992B9E","D08","TALL",32.912908,-87.415899,"WGS84",6757.2,112.1,35.1,"2014-09-26","2014-09-27","TALL.2014.38.COQPER.F.A","field season","Coquillettidia perturbans","F",13,"Frozen -80C","TALL.2014.38.COQPER.F.A.01",,"TALL.2014.11.Coquillettidia perturbans.Female","NEON.DOC.014049vE",0
"7C35097C99814ABC8DC251DA67EDB267","D08","TALL",32.907758,-87.450338,"WGS84",0.1,127.0,0.2,"2014-09-26","2014-09-27","TALL.2014.38.AEDSPP.F.A","field season","Aedes sp.","F",2,"Frozen -80C","TALL.2014.38.AEDSPP.F.A.01",,"TALL.2014.11.Aedes spp.Female","NEON.DOC.014049vE",0
"510CD2A97A274286B2A06C156420D17C","D08","TALL",32.899750,-87.425914,"WGS84",0.2,91.8,0.3,"2014-09-26","2014-09-27","TALL.2014.38.AEDTRI1.F.A","field season","Aedes triseriatus","F",1,"Frozen -80C","TALL.2014.38.AEDTRI1.F.A.01",,"TALL.2014.11.Aedes triseriatus.Female","NEON.DOC.014049vE",0
"699D39A4CAFA4130A50F0A799420B2B4","D08","TALL",32.916598,-87.413282,"WGS84",6329.5,113.2,36.2,"2014-09-26","2014-09-27","TALL.2014.38.ANOCRU.F.A","field season","Anopheles crucians","F",10,"Frozen -80C","TALL.2014.38.ANOCRU.F.A.01",,"TALL.2014.11.Anopheles crucians.Female","NEON.DOC.014049vE",0
"B57B61C98CA74291987E66B58E2E3EFF","D08","TALL",32.907511,-87.421782,"WGS84",1886.6,120.9,58.5,"2014-09-26","2014-09-27","TALL.2014.38.ORTSIG.F.A","field season","Orthopodomyia signifera","F",4,"Frozen -80C","TALL.2014.38.ORTSIG.F.A.01",,"TALL.2014.11.Orthopodomyia signifera.Female","NEON.DOC.014049vE",0
"446D21DCB0924641B1AB3F6AAFFAFE47","D08","TALL",32.902289,-87.431547,"WGS84",1859.1,126.3,0.8,"2014-09-26","2014-09-27","TALL.2014.38.AEDALB.F.A","field season","Aedes albopictus","F",2,"Frozen -80C","TALL.2014.38.AEDALB.F.A.01",,"TALL.2014.11.Aedes albopictus.Female","NEON.DOC.014049vE",0
